Workbook

Sheet Avaliacao_Humana
A1: Avaliação de Requirements Smells — Avaliacao Humana
A2: HU | B2: Descrição | C2: I-1 | D2: I-2 | E2: I-3 | F2: I-4 | G2: I-5 | H2: I_Count | I2: N-1 | J2: N-2 | K2: N-3 | L2: N-4 | M2: N-5 | N2: N_Count | O2: V-1 | P2: V-2 | Q2: V-3 | R2: V-4 | S2: V-5 | T2: V_Count | U2: E-1 | V2: E-2 | W2: E-3 | X2: E-4 | Y2: E-5 | Z2: E_Count | AA2: S-1 | AB2: S-2 | AC2: S-3 | AD2: S-4 | AE2: S-5 | AF2: S_Count | AG2: T-1 | AH2: T-2 | AI2: T-3 | AJ2: T-4 | AK2: T-5 | AL2: T_Count | AM2: Total_Smells | AN2: Nível
A3: HU01 | B3: [Federal Spending] Como usuário, quero que o botão de publicar no FABS seja desativado após clicar, enquanto as derivações acontecem, para que eu não possa clicar múltiplas vezes na mesma submissão. | C3: 0 | D3: 0 | E3: 0 | F3: 0 | G3: 0 | H3: =SUM(C3:G3) -> 0 | I3: 0 | J3: 1 | K3: 0 | L3: 0 | M3: 1 | N3: =SUM(I3:M3) -> 2 | O3: 0 | P3: 0 | Q3: 0 | R3: 0 | S3: 0 | T3: =SUM(O3:S3) -> 0 | U3: 0 | V3: 0 | W3: 0 | X3: 0 | Y3: 0 | Z3: =SUM(U3:Y3) -> 0 | AA3: 0 | AB3: 0 | AC3: 0 | AD3: 0 | AE3: 0 | AF3: =SUM(AA3:AE3) -> 0 | AG3: 1 | AH3: 1 | AI3: 1 | AJ3: 0 | AK3: 0 | AL3: =SUM(AG3:AK3) -> 3 | AM3: =H3+N3+T3+Z3+AF3+AL3 -> 5 | AN3: =IF(AM3=0,"Conforme",IF(AM3<=12,"Atenção","Crítico")) -> Atenção
A4: HU02 | B4: [Federal Spending] Como usuário de agência, quero enviar meus dados com campos cercados por aspas, para que o Excel não remova zeros à esquerda ou à direita. | C4: 0 | D4: 0 | E4: 0 | F4: 0 | G4: 0 | H4: =SUM(C4:G4) -> 0 | I4: 0 | J4: 0 | K4: 1 | L4: 0 | M4: 0 | N4: =SUM(I4:M4) -> 1 | O4: 0 | P4: 0 | Q4: 0 | R4: 0 | S4: 0 | T4: =SUM(O4:S4) -> 0 | U4: 0 | V4: 0 | W4: 0 | X4: 0 | Y4: 0 | Z4: =SUM(U4:Y4) -> 0 | AA4: 0 | AB4: 0 | AC4: 0 | AD4: 0 | AE4: 0 | AF4: =SUM(AA4:AE4) -> 0 | AG4: 1 | AH4: 0 | AI4: 1 | AJ4: 0 | AK4: 0 | AL4: =SUM(AG4:AK4) -> 2 | AM4: =H4+N4+T4+Z4+AF4+AL4 -> 3 | AN4: =IF(AM4=0,"Conforme",IF(AM4<=12,"Atenção","Crítico")) -> Atenção
A5: HU03 | B5: [Federal Spending] Como usuário do site, quero acessar os arquivos publicados pelo FABS, para que eu possa ver os novos arquivos conforme chegam. | C5: 0 | D5: 0 | E5: 1 | F5: 0 | G5: 0 | H5: =SUM(C5:G5) -> 1 | I5: 0 | J5: 0 | K5: 0 | L5: 0 | M5: 0 | N5: =SUM(I5:M5) -> 0 | O5: 0 | P5: 0 | Q5: 0 | R5: 0 | S5: 0 | T5: =SUM(O5:S5) -> 0 | U5: 0 | V5: 0 | W5: 0 | X5: 0 | Y5: 0 | Z5: =SUM(U5:Y5) -> 0 | AA5: 0 | AB5: 0 | AC5: 0 | AD5: 0 | AE5: 0 | AF5: =SUM(AA5:AE5) -> 0 | AG5: 1 | AH5: 0 | AI5: 1 | AJ5: 1 | AK5: 0 | AL5: =SUM(AG5:AK5) -> 3 | AM5: =H5+N5+T5+Z5+AF5+AL5 -> 4 | AN5: =IF(AM5=0,"Conforme",IF(AM5<=12,"Atenção","Crítico")) -> Atenção
A6: HU04 | B6: [Federal Spending] Como usuário da agência, quero receber um erro de arquivo mais útil ao enviar um arquivo com extensão incorreta. | C6: 0 | D6: 0 | E6: 0 | F6: 0 | G6: 0 | H6: =SUM(C6:G6) -> 0 | I6: 0 | J6: 0 | K6: 0 | L6: 0 | M6: 0 | N6: =SUM(I6:M6) -> 0 | O6: 1 | P6: 0 | Q6: 1 | R6: 0 | S6: 0 | T6: =SUM(O6:S6) -> 2 | U6: 0 | V6: 1 | W6: 0 | X6: 0 | Y6: 0 | Z6: =SUM(U6:Y6) -> 1 | AA6: 0 | AB6: 0 | AC6: 0 | AD6: 0 | AE6: 0 | AF6: =SUM(AA6:AE6) -> 0 | AG6: 1 | AH6: 1 | AI6: 0 | AJ6: 0 | AK6: 0 | AL6: =SUM(AG6:AK6) -> 2 | AM6: =H6+N6+T6+Z6+AF6+AL6 -> 5 | AN6: =IF(AM6=0,"Conforme",IF(AM6<=12,"Atenção","Crítico")) -> Atenção
A7: HU05 | B7: [Federal Spending] Como desenvolvedor, quero que as requisições de geração de arquivos D sejam gerenciadas e armazenadas em cache, para que requisições duplicadas não causem problemas de desempenho. | C7: 0 | D7: 0 | E7: 0 | F7: 0 | G7: 0 | H7: 1 | I7: 1 | J7: 0 | K7: 0 | L7: 1 | M7: 0 | N7: =SUM(I7:M7) -> 2 | O7: 0 | P7: 1 | Q7: 0 | R7: 0 | S7: 0 | T7: =SUM(O7:S7) -> 1 | U7: 0 | V7: 0 | W7: 1 | X7: 0 | Y7: 0 | Z7: =SUM(U7:Y7) -> 1 | AA7: 0 | AB7: 0 | AC7: 0 | AD7: 0 | AE7: 0 | AF7: =SUM(AA7:AE7) -> 0 | AG7: 1 | AH7: 1 | AI7: 1 | AJ7: 0 | AK7: 0 | AL7: =SUM(AG7:AK7) -> 3 | AM7: =H7+N7+T7+Z7+AF7+AL7 -> 8 | AN7: =IF(AM7=0,"Conforme",IF(AM7<=12,"Atenção","Crítico")) -> Atenção
A8: HU06 | B8: [Federal Spending] Como usuário de agência, quero incluir um grande número de campos flexíveis sem impacto no desempenho. | C8: 0 | D8: 0 | E8: 0 | F8: 0 | G8: 0 | H8: =SUM(C8:G8) -> 0 | I8: 0 | J8: 0 | K8: 0 | L8: 0 | M8: 0 | N8: =SUM(I8:M8) -> 0 | O8: 0 | P8: 0 | Q8: 0 | R8: 0 | S8: 0 | T8: =SUM(O8:S8) -> 0 | U8: 1 | V8: 0 | W8: 1 | X8: 0 | Y8: 1 | Z8: =SUM(U8:Y8) -> 3 | AA8: 0 | AB8: 0 | AC8: 0 | AD8: 0 | AE8: 0 | AF8: =SUM(AA8:AE8) -> 0 | AG8: 1 | AH8: 1 | AI8: 0 | AJ8: 0 | AK8: 0 | AL8: =SUM(AG8:AK8) -> 2 | AM8: =H8+N8+T8+Z8+AF8+AL8 -> 5 | AN8: =IF(AM8=0,"Conforme",IF(AM8<=12,"Atenção","Crítico")) -> Atenção
A9: HU07 | B9: [Federal Spending] Como desenvolvedor, quero atualizar a tabela de regras de validação do Broker para contemplar as atualizações de regras do DB-2213. | C9: 1 | D9: 0 | E9: 0 | F9: 0 | G9: 0 | H9: =SUM(C9:G9) -> 1 | I9: 0 | J9: 0 | K9: 0 | L9: 0 | M9: 0 | N9: =SUM(I9:M9) -> 0 | O9: 1 | P9: 0 | Q9: 0 | R9: 0 | S9: 0 | T9: =SUM(O9:S9) -> 1 | U9: 0 | V9: 0 | W9: 0 | X9: 0 | Y9: 0 | Z9: =SUM(U9:Y9) -> 0 | AA9: 0 | AB9: 0 | AC9: 0 | AD9: 0 | AE9: 0 | AF9: =SUM(AA9:AE9) -> 0 | AG9: 1 | AH9: 0 | AI9: 1 | AJ9: 0 | AK9: 0 | AL9: =SUM(AG9:AK9) -> 2 | AM9: =H9+N9+T9+Z9+AF9+AL9 -> 4 | AN9: =IF(AM9=0,"Conforme",IF(AM9<=12,"Atenção","Crítico")) -> Atenção
A10: HU08 | B10: [Federal Spending] Como usuário do site, quero ver dados de assistência financeira atualizados diariamente. | C10: 0 | D10: 0 | E10: 0 | F10: 0 | G10: 0 | H10: =SUM(C10:G10) -> 0 | I10: 0 | J10: 0 | K10: 0 | L10: 0 | M10: 0 | N10: =SUM(I10:M10) -> 0 | O10: 1 | P10: 0 | Q10: 0 | R10: 0 | S10: 0 | T10: =SUM(O10:S10) -> 1 | U10: 0 | V10: 0 | W10: 0 | X10: 0 | Y10: 0 | Z10: =SUM(U10:Y10) -> 0 | AA10: 0 | AB10: 0 | AC10: 0 | AD10: 0 | AE10: 0 | AF10: =SUM(AA10:AE10) -> 0 | AG10: 1 | AH10: 0 | AI10: 0 | AJ10: 1 | AK10: 0 | AL10: =SUM(AG10:AK10) -> 2 | AM10: =H10+N10+T10+Z10+AF10+AL10 -> 3 | AN10: =IF(AM10=0,"Conforme",IF(AM10<=12,"Atenção","Crítico")) -> Atenção
A11: HU09 | B11: [Federal Spending] Como proprietário, quero garantir que o USAspending envie apenas registros de concessão ao meu sistema. | C11: 0 | D11: 0 | E11: 1 | F11: 1 | G11: 0 | H11: =SUM(C11:G11) -> 2 | I11: 0 | J11: 0 | K11: 0 | L11: 0 | M11: 0 | N11: =SUM(I11:M11) -> 0 | O11: 1 | P11: 0 | Q11: 0 | R11: 0 | S11: 0 | T11: =SUM(O11:S11) -> 1 | U11: 1 | V11: 0 | W11: 0 | X11: 0 | Y11: 0 | Z11: =SUM(U11:Y11) -> 1 | AA11: 0 | AB11: 0 | AC11: 0 | AD11: 0 | AE11: 0 | AF11: =SUM(AA11:AE11) -> 0 | AG11: 1 | AH11: 0 | AI11: 1 | AJ11: 0 | AK11: 0 | AL11: =SUM(AG11:AK11) -> 2 | AM11: =H11+N11+T11+Z11+AF11+AL11 -> 6 | AN11: =IF(AM11=0,"Conforme",IF(AM11<=12,"Atenção","Crítico")) -> Atenção
A12: HU10 | B12: [Federal Spending] Como usuário do broker, quero ajudar a criar mockups de conteúdo, para que eu possa enviar meus dados eficientemente. | C12: 0 | D12: 0 | E12: 0 | F12: 0 | G12: 0 | H12: =SUM(C12:G12) -> 0 | I12: 1 | J12: 0 | K12: 0 | L12: 0 | M12: 0 | N12: =SUM(I12:M12) -> 1 | O12: 0 | P12: 0 | Q12: 1 | R12: 0 | S12: 0 | T12: =SUM(O12:S12) -> 1 | U12: 0 | V12: 1 | W12: 0 | X12: 0 | Y12: 0 | Z12: =SUM(U12:Y12) -> 1 | AA12: 0 | AB12: 0 | AC12: 0 | AD12: 0 | AE12: 0 | AF12: =SUM(AA12:AE12) -> 0 | AG12: 1 | AH12: 1 | AI12: 0 | AJ12: 0 | AK12: 0 | AL12: =SUM(AG12:AK12) -> 2 | AM12: =H12+N12+T12+Z12+AF12+AL12 -> 5 | AN12: =IF(AM12=0,"Conforme",IF(AM12<=12,"Atenção","Crítico")) -> Atenção
A13: HU11 | B13: [Recycling] Como usuário, quero inserir meu CEP e obter uma lista de instalações de reciclagem próximas, para que eu possa decidir quais considerar. | C13: 0 | D13: 0 | E13: 0 | F13: 0 | G13: 0 | H13: =SUM(C13:G13) -> 0 | I13: 0 | J13: 0 | K13: 0 | L13: 0 | M13: 0 | N13: =SUM(I13:M13) -> 0 | O13: 0 | P13: 0 | Q13: 0 | R13: 0 | S13: 0 | T13: =SUM(O13:S13) -> 0 | U13: 1 | V13: 0 | W13: 0 | X13: 0 | Y13: 0 | Z13: =SUM(U13:Y13) -> 1 | AA13: 1 | AB13: 0 | AC13: 0 | AD13: 0 | AE13: 0 | AF13: =SUM(AA13:AE13) -> 1 | AG13: 1 | AH13: 1 | AI13: 1 | AJ13: 1 | AK13: 0 | AL13: =SUM(AG13:AK13) -> 4 | AM13: =H13+N13+T13+Z13+AF13+AL13 -> 6 | AN13: =IF(AM13=0,"Conforme",IF(AM13<=12,"Atenção","Crítico")) -> Atenção
A14: HU12 | B14: [Recycling] Como usuário, quero obter o horário de funcionamento de cada instalação de reciclagem, para que eu possa agendar entregas em meus dias de folga ou após o trabalho. | C14: 0 | D14: 0 | E14: 0 | F14: 0 | G14: 0 | H14: =SUM(C14:G14) -> 0 | I14: 0 | J14: 0 | K14: 0 | L14: 0 | M14: 0 | N14: =SUM(I14:M14) -> 0 | O14: 0 | P14: 0 | Q14: 0 | R14: 0 | S14: 0 | T14: =SUM(O14:S14) -> 0 | U14: 0 | V14: 0 | W14: 0 | X14: 0 | Y14: 0 | Z14: =SUM(U14:Y14) -> 0 | AA14: 0 | AB14: 0 | AC14: 0 | AD14: 0 | AE14: 0 | AF14: =SUM(AA14:AE14) -> 0 | AG14: 1 | AH14: 0 | AI14: 1 | AJ14: 1 | AK14: 0 | AL14: =SUM(AG14:AK14) -> 3 | AM14: =H14+N14+T14+Z14+AF14+AL14 -> 3 | AN14: =IF(AM14=0,"Conforme",IF(AM14<=12,"Atenção","Crítico")) -> Atenção
A15: HU13 | B15: [Recycling] Como administrador, quero adicionar ou remover informações de instalações de reciclagem, para que os usuários recebam as informações mais recentes. | C15: 0 | D15: 0 | E15: 0 | F15: 0 | G15: 0 | H15: =SUM(C15:G15) -> 0 | I15: 0 | J15: 0 | K15: 0 | L15: 0 | M15: 0 | N15: =SUM(I15:M15) -> 0 | O15: 0 | P15: 0 | Q15: 0 | R15: 0 | S15: 0 | T15: =SUM(O15:S15) -> 0 | U15: 0 | V15: 0 | W15: 0 | X15: 0 | Y15: 0 | Z15: =SUM(U15:Y15) -> 0 | AA15: 1 | AB15: 1 | AC15: 0 | AD15: 0 | AE15: 0 | AF15: =SUM(AA15:AE15) -> 2 | AG15: 1 | AH15: 0 | AI15: 1 | AJ15: 0 | AK15: 0 | AL15: =SUM(AG15:AK15) -> 2 | AM15: =H15+N15+T15+Z15+AF15+AL15 -> 4 | AN15: =IF(AM15=0,"Conforme",IF(AM15<=12,"Atenção","Crítico")) -> Atenção
A16: HU14 | B16: [Recycling] Como representante de instalação de reciclagem, quero atualizar minhas informações e os tipos de material que aceito, para evitar falhas de comunicação com os usuários. | C16: 0 | D16: 0 | E16: 0 | F16: 0 | G16: 0 | H16: =SUM(C16:G16) -> 0 | I16: 0 | J16: 0 | K16: 0 | L16: 0 | M16: 0 | N16: =SUM(I16:M16) -> 0 | O16: 0 | P16: 0 | Q16: 0 | R16: 0 | S16: 0 | T16: =SUM(O16:S16) -> 0 | U16: 0 | V16: 0 | W16: 0 | X16: 0 | Y16: 0 | Z16: =SUM(U16:Y16) -> 0 | AA16: 1 | AB16: 0 | AC16: 0 | AD16: 1 | AE16: 0 | AF16: =SUM(AA16:AE16) -> 2 | AG16: 1 | AH16: 0 | AI16: 1 | AJ16: 0 | AK16: 0 | AL16: =SUM(AG16:AK16) -> 2 | AM16: =H16+N16+T16+Z16+AF16+AL16 -> 4 | AN16: =IF(AM16=0,"Conforme",IF(AM16<=12,"Atenção","Crítico")) -> Atenção
A17: HU15 | B17: [Recycling] Como usuário, quero ver todos os locais de centros de reciclagem em um mapa, para verificar quais rotas tomar para descartar resíduos. | C17: 0 | D17: 0 | E17: 0 | F17: 0 | G17: 0 | H17: =SUM(C17:G17) -> 0 | I17: 0 | J17: 0 | K17: 0 | L17: 0 | M17: 0 | N17: =SUM(I17:M17) -> 0 | O17: 0 | P17: 0 | Q17: 0 | R17: 0 | S17: 0 | T17: =SUM(O17:S17) -> 0 | U17: 1 | V17: 0 | W17: 0 | X17: 0 | Y17: 0 | Z17: =SUM(U17:Y17) -> 1 | AA17: 0 | AB17: 0 | AC17: 0 | AD17: 0 | AE17: 0 | AF17: =SUM(AA17:AE17) -> 0 | AG17: 1 | AH17: 0 | AI17: 1 | AJ17: 0 | AK17: 1 | AL17: =SUM(AG17:AK17) -> 3 | AM17: =H17+N17+T17+Z17+AF17+AL17 -> 4 | AN17: =IF(AM17=0,"Conforme",IF(AM17<=12,"Atenção","Crítico")) -> Atenção
A18: HU16 | B18: [Recycling] Como usuário, quero receber recompensas atraentes, para ter um motivo para usar o site. | C18: 0 | D18: 0 | E18: 0 | F18: 0 | G18: 0 | H18: =SUM(C18:G18) -> 0 | I18: 0 | J18: 0 | K18: 1 | L18: 0 | M18: 0 | N18: =SUM(I18:M18) -> 1 | O18: 0 | P18: 1 | Q18: 1 | R18: 0 | S18: 0 | T18: =SUM(O18:S18) -> 2 | U18: 0 | V18: 0 | W18: 0 | X18: 0 | Y18: 0 | Z18: =SUM(U18:Y18) -> 0 | AA18: 0 | AB18: 0 | AC18: 0 | AD18: 0 | AE18: 0 | AF18: =SUM(AA18:AE18) -> 0 | AG18: 1 | AH18: 1 | AI18: 0 | AJ18: 0 | AK18: 0 | AL18: =SUM(AG18:AK18) -> 2 | AM18: =H18+N18+T18+Z18+AF18+AL18 -> 5 | AN18: =IF(AM18=0,"Conforme",IF(AM18<=12,"Atenção","Crítico")) -> Atenção
A19: HU17 | B19: [Recycling] Como administrador, quero visualizar um painel com estatísticas de uso e localizações, para identificar bairros com maior número de descartes. | C19: 0 | D19: 0 | E19: 0 | F19: 0 | G19: 0 | H19: =SUM(C19:G19) -> 0 | I19: 0 | J19: 0 | K19: 0 | L19: 0 | M19: 0 | N19: =SUM(I19:M19) -> 0 | O19: 0 | P19: 0 | Q19: 0 | R19: 0 | S19: 0 | T19: =SUM(O19:S19) -> 0 | U19: 0 | V19: 0 | W19: 0 | X19: 0 | Y19: 0 | Z19: =SUM(U19:Y19) -> 0 | AA19: 1 | AB19: 0 | AC19: 0 | AD19: 0 | AE19: 0 | AF19: =SUM(AA19:AE19) -> 1 | AG19: 1 | AH19: 1 | AI19: 0 | AJ19: 0 | AK19: 1 | AL19: =SUM(AG19:AK19) -> 3 | AM19: =H19+N19+T19+Z19+AF19+AL19 -> 4 | AN19: =IF(AM19=0,"Conforme",IF(AM19<=12,"Atenção","Crítico")) -> Atenção
... A31: HU29 | B31: [Planning Poker] Como desenvolvedor, quero ter criado índices no banco de dados, para que as consultas rodem o mais rápido possível. | C31: 0 | D31: 0 | E31: 0 | F31: 0 | G31: 0 | H31: =SUM(C31:G31) -> 0 | I31: 1 | J31: 0 | K31: 0 | L31: 0 | M31: 0 | N31: =SUM(I31:M31) -> 1 | O31: 0 | P31: 1 | Q31: 0 | R31: 0 | S31: 1 | T31: =SUM(O31:S31) -> 2 | U31: 0 | V31: 1 | W31: 0 | X31: 0 | Y31: 0 | Z31: =SUM(U31:Y31) -> 1 | AA31: 0 | AB31: 0 | AC31: 0 | AD31: 0 | AE31: 0 | AF31: =SUM(AA31:AE31) -> 0 | AG31: 1 | AH31: 0 | AI31: 0 | AJ31: 0 | AK31: 0 | AL31: =SUM(AG31:AK31) -> 1 | AM31: =H31+N31+T31+Z31+AF31+AL31 -> 5 | AN31: =IF(AM31=0,"Conforme",IF(AM31<=12,"Atenção","Crítico")) -> Atenção
A32: HU30 | B32: [Planning Poker] Como Mike, quero ver algumas métricas sobre o uso do jogo, para ver o quanto ele está sendo utilizado. | C32: 0 | D32: 0 | E32: 0 | F32: 0 | G32: 0 | H32: =SUM(C32:G32) -> 0 | I32: 0 | J32: 0 | K32: 0 | L32: 0 | M32: 0 | N32: =SUM(I32:M32) -> 0 | O32: 0 | P32: 0 | Q32: 0 | R32: 0 | S32: 1 | T32: =SUM(O32:S32) -> 1 | U32: 1 | V32: 0 | W32: 1 | X32: 0 | Y32: 0 | Z32: =SUM(U32:Y32) -> 2 | AA32: 0 | AB32: 0 | AC32: 0 | AD32: 0 | AE32: 0 | AF32: =SUM(AA32:AE32) -> 0 | AG32: 1 | AH32: 1 | AI32: 0 | AJ32: 0 | AK32: 0 | AL32: 2 | AM32: =H32+N32+T32+Z32+AF32+AL32 -> 5 | AN32: =IF(AM32=0,"Conforme",IF(AM32<=12,"Atenção","Crítico")) -> Atenção

Sheet ChatGPT_ZeroShot
A1: Avaliação de Requirements Smells — ChatGPT ZeroShot
A2: HU | B2: Descrição | C2: I-1 | D2: I-2 | E2: I-3 | F2: I-4 | G2: I-5 | H2: I_Count | I2: N-1 | J2: N-2 | K2: N-3 | L2: N-4 | M2: N-5 | N2: N_Count | O2: V-1 | P2: V-2 | Q2: V-3 | R2: V-4 | S2: V-5 | T2: V_Count | U2: E-1 | V2: E-2 | W2: E-3 | X2: E-4 | Y2: E-5 | Z2: E_Count | AA2: S-1 | AB2: S-2 | AC2: S-3 | AD2: S-4 | AE2: S-5 | AF2: S_Count | AG2: T-1 | AH2: T-2 | AI2: T-3 | AJ2: T-4 | AK2: T-5 | AL2: T_Count | AM2: Total_Smells | AN2: Nível
A3: HU01 | B3: [Federal Spending] Como usuário, quero que o botão de publicar no FABS seja desativado após clicar, enquanto as derivações acontecem, para que eu não possa clicar múltiplas vezes na mesma submissão. | C3: 0 | D3: 0 | E3: 1 | F3: 0 | G3: 0 | H3: =SUM(C3:G3) -> 1 | I3: 0 | J3: 1 | K3: 0 | L3: 0 | M3: 0 | N3: =SUM(I3:M3) -> 1 | O3: 0 | P3: 0 | Q3: 0 | R3: 0 | S3: 0 | T3: =SUM(O3:S3) -> 0 | U3: 0 | V3: 0 | W3: 0 | X3: 0 | Y3: 0 | Z3: =SUM(U3:Y3) -> 0 | AA3: 0 | AB3: 0 | AC3: 0 | AD3: 0 | AE3: 0 | AF3: =SUM(AA3:AE3) -> 0 | AG3: 1 | AH3: 0 | AI3: 1 | AJ3: 1 | AK3: 1 | AL3: =SUM(AG3:AK3) -> 4 | AM3: =H3+N3+T3+Z3+AF3+AL3 -> 6 | AN3: =IF(AM3=0,"Conforme",IF(AM3<=12,"Atenção","Crítico")) -> Atenção
A4: HU02 | B4: [Federal Spending] Como usuário de agência, quero enviar meus dados com campos cercados por aspas, para que o Excel não remova zeros à esquerda ou à direita. | C4: 0 | D4: 0 | E4: 0 | F4: 0 | G4: 0 | H4: =SUM(C4:G4) -> 0 | I4: 0 | J4: 0 | K4: 1 | L4: 0 | M4: 0 | N4: =SUM(I4:M4) -> 1 | O4: 0 | P4: 0 | Q4: 0 | R4: 0 | S4: 0 | T4: =SUM(O4:S4) -> 0 | U4: 0 | V4: 0 | W4: 0 | X4: 0 | Y4: 0 | Z4: =SUM(U4:Y4) -> 0 | AA4: 0 | AB4: 0 | AC4: 0 | AD4: 0 | AE4: 0 | AF4: =SUM(AA4:AE4) -> 0 | AG4: 1 | AH4: 0 | AI4: 1 | AJ4: 1 | AK4: 1 | AL4: =SUM(AG4:AK4) -> 4 | AM4: =H4+N4+T4+Z4+AF4+AL4 -> 5 | AN4: =IF(AM4=0,"Conforme",IF(AM4<=12,"Atenção","Crítico")) -> Atenção
A5: HU03 | B5: [Federal Spending] Como usuário do site, quero acessar os arquivos publicados pelo FABS, para que eu possa ver os novos arquivos conforme chegam. | C5: 0 | D5: 0 | E5: 1 | F5: 0 | G5: 0 | H5: =SUM(C5:G5) -> 1 | I5: 0 | J5: 0 | K5: 0 | L5: 0 | M5: 0 | N5: =SUM(I5:M5) -> 0 | O5: 0 | P5: 0 | Q5: 0 | R5: 0 | S5: 0 | T5: =SUM(O5:S5) -> 0 | U5: 0 | V5: 0 | W5: 1 | X5: 0 | Y5: 0 | Z5: =SUM(U5:Y5) -> 1 | AA5: 0 | AB5: 0 | AC5: 0 | AD5: 0 | AE5: 0 | AF5: =SUM(AA5:AE5) -> 0 | AG5: 1 | AH5: 0 | AI5: 1 | AJ5: 1 | AK5: 1 | AL5: =SUM(AG5:AK5) -> 4 | AM5: =H5+N5+T5+Z5+AF5+AL5 -> 6 | AN5: =IF(AM5=0,"Conforme",IF(AM5<=12,"Atenção","Crítico")) -> Atenção
A6: HU04 | B6: [Federal Spending] Como usuário da agência, quero receber um erro de arquivo mais útil ao enviar um arquivo com extensão incorreta. | C6: 0 | D6: 0 | E6: 0 | F6: 0 | G6: 0 | H6: =SUM(C6:G6) -> 0 | I6: 0 | J6: 0 | K6: 0 | L6: 0 | M6: 0 | N6: =SUM(I6:M6) -> 0 | O6: 1 | P6: 0 | Q6: 0 | R6: 0 | S6: 0 | T6: =SUM(O6:S6) -> 1 | U6: 1 | V6: 0 | W6: 0 | X6: 0 | Y6: 0 | Z6: =SUM(U6:Y6) -> 1 | AA6: 0 | AB6: 0 | AC6: 0 | AD6: 0 | AE6: 0 | AF6: =SUM(AA6:AE6) -> 0 | AG6: 1 | AH6: 0 | AI6: 1 | AJ6: 1 | AK6: 1 | AL6: =SUM(AG6:AK6) -> 4 | AM6: =H6+N6+T6+Z6+AF6+AL6 -> 6 | AN6: =IF(AM6=0,"Conforme",IF(AM6<=12,"Atenção","Crítico")) -> Atenção
A7: HU05 | B7: [Federal Spending] Como desenvolvedor, quero que as requisições de geração de arquivos D sejam gerenciadas e armazenadas em cache, para que requisições duplicadas não causem problemas de desempenho. | C7: 0 | D7: 0 | E7: 0 | F7: 0 | G7: 1 | H7: =SUM(C7:G7) -> 1 | I7: 1 | J7: 0 | K7: 0 | L7: 1 | M7: 0 | N7: =SUM(I7:M7) -> 2 | O7: 0 | P7: 1 | Q7: 0 | R7: 1 | S7: 0 | T7: =SUM(O7:S7) -> 2 | U7: 0 | V7: 0 | W7: 0 | X7: 0 | Y7: 0 | Z7: =SUM(U7:Y7) -> 0 | AA7: 0 | AB7: 0 | AC7: 0 | AD7: 0 | AE7: 0 | AF7: =SUM(AA7:AE7) -> 0 | AG7: 1 | AH7: 0 | AI7: 1 | AJ7: 1 | AK7: 1 | AL7: =SUM(AG7:AK7) -> 4 | AM7: =H7+N7+T7+Z7+AF7+AL7 -> 9 | AN7: =IF(AM7=0,"Conforme",IF(AM7<=12,"Atenção","Crítico")) -> Atenção
A8: HU06 | B8: [Federal Spending] Como usuário de agência, quero incluir um grande número de campos flexíveis sem impacto no desempenho. | C8: 0 | D8: 0 | E8: 0 | F8: 0 | G8: 0 | H8: =SUM(C8:G8) -> 0 | I8: 0 | J8: 0 | K8: 0 | L8: 0 | M8: 0 | N8: =SUM(I8:M8) -> 0 | O8: 0 | P8: 0 | Q8: 0 | R8: 0 | S8: 0 | T8: =SUM(O8:S8) -> 0 | U8: 1 | V8: 0 | W8: 0 | X8: 0 | Y8: 1 | Z8: =SUM(U8:Y8) -> 2 | AA8: 0 | AB8: 0 | AC8: 0 | AD8: 0 | AE8: 0 | AF8: =SUM(AA8:AE8) -> 0 | AG8: 1 | AH8: 1 | AI8: 1 | AJ8: 1 | AK8: 1 | AL8: =SUM(AG8:AK8) -> 5 | AM8: =H8+N8+T8+Z8+AF8+AL8 -> 7 | AN8: =IF(AM8=0,"Conforme",IF(AM8<=12,"Atenção","Crítico")) -> Atenção
A9: HU07 | B9: [Federal Spending] Como desenvolvedor, quero atualizar a tabela de regras de validação do Broker para contemplar as atualizações de regras do DB-2213. | C9: 1 | D9: 0 | E9: 0 | F9: 0 | G9: 0 | H9: =SUM(C9:G9) -> 1 | I9: 0 | J9: 0 | K9: 0 | L9: 0 | M9: 0 | N9: =SUM(I9:M9) -> 0 | O9: 1 | P9: 1 | Q9: 0 | R9: 1 | S9: 0 | T9: =SUM(O9:S9) -> 3 | U9: 0 | V9: 0 | W9: 0 | X9: 0 | Y9: 0 | Z9: =SUM(U9:Y9) -> 0 | AA9: 0 | AB9: 0 | AC9: 0 | AD9: 0 | AE9: 0 | AF9: =SUM(AA9:AE9) -> 0 | AG9: 1 | AH9: 0 | AI9: 1 | AJ9: 1 | AK9: 1 | AL9: =SUM(AG9:AK9) -> 4 | AM9: =H9+N9+T9+Z9+AF9+AL9 -> 8 | AN9: =IF(AM9=0,"Conforme",IF(AM9<=12,"Atenção","Crítico")) -> Atenção
A10: HU08 | B10: [Federal Spending] Como usuário do site, quero ver dados de assistência financeira atualizados diariamente. | C10: 0 | D10: 0 | E10: 0 | F10: 0 | G10: 0 | H10: =SUM(C10:G10) -> 0 | I10: 0 | J10: 0 | K10: 0 | L10: 0 | M10: 0 | N10: =SUM(I10:M10) -> 0 | O10: 1 | P10: 0 | Q10: 0 | R10: 0 | S10: 0 | T10: =SUM(O10:S10) -> 1 | U10: 0 | V10: 0 | W10: 1 | X10: 0 | Y10: 0 | Z10: =SUM(U10:Y10) -> 1 | AA10: 0 | AB10: 0 | AC10: 0 | AD10: 0 | AE10: 0 | AF10: =SUM(AA10:AE10) -> 0 | AG10: 1 | AH10: 0 | AI10: 1 | AJ10: 1 | AK10: 1 | AL10: =SUM(AG10:AK10) -> 4 | AM10: =H10+N10+T10+Z10+AF10+AL10 -> 6 | AN10: =IF(AM10=0,"Conforme",IF(AM10<=12,"Atenção","Crítico")) -> Atenção
A11: HU09 | B11: [Federal Spending] Como proprietário, quero garantir que o USAspending envie apenas registros de concessão ao meu sistema. | C11: 0 | D11: 0 | E11: 1 | F11: 0 | G11: 0 | H11: =SUM(C11:G11) -> 1 | I11: 0 | J11: 0 | K11: 0 | L11: 0 | M11: 0 | N11: =SUM(I11:M11) -> 0 | O11: 0 | P11: 0 | Q11: 0 | R11: 0 | S11: 0 | T11: =SUM(O11:S11) -> 0 | U11: 0 | V11: 0 | W11: 0 | X11: 1 | Y11: 0 | Z11: =SUM(U11:Y11) -> 1 | AA11: 0 | AB11: 0 | AC11: 0 | AD11: 0 | AE11: 0 | AF11: =SUM(AA11:AE11) -> 0 | AG11: 1 | AH11: 0 | AI11: 1 | AJ11: 1 | AK11: 1 | AL11: =SUM(AG11:AK11) -> 4 | AM11: =H11+N11+T11+Z11+AF11+AL11 -> 6 | AN11: =IF(AM11=0,"Conforme",IF(AM11<=12,"Atenção","Crítico")) -> Atenção
A12: HU10 | B12: [Federal Spending] Como usuário do broker, quero ajudar a criar mockups de conteúdo, para que eu possa enviar meus dados eficientemente. | C12: 0 | D12: 0 | E12: 0 | F12: 1 | G12: 0 | H12: =SUM(C12:G12) -> 1 | I12: 0 | J12: 0 | K12: 0 | L12: 0 | M12: 0 | N12: =SUM(I12:M12) -> 0 | O12: 0 | P12: 0 | Q12: 1 | R12: 0 | S12: 0 | T12: =SUM(O12:S12) -> 1 | U12: 0 | V12: 0 | W12: 0 | X12: 0 | Y12: 0 | Z12: =SUM(U12:Y12) -> 0 | AA12: 0 | AB12: 0 | AC12: 0 | AD12: 0 | AE12: 0 | AF12: =SUM(AA12:AE12) -> 0 | AG12: 1 | AH12: 0 | AI12: 1 | AJ12: 1 | AK12: 1 | AL12: =SUM(AG12:AK12) -> 4 | AM12: =H12+N12+T12+Z12+AF12+AL12 -> 6 | AN12: =IF(AM12=0,"Conforme",IF(AM12<=12,"Atenção","Crítico")) -> Atenção
A13: HU11 | B13: [Recycling] Como usuário, quero inserir meu CEP e obter uma lista de instalações de reciclagem próximas, para que eu possa decidir quais considerar. | C13: 0 | D13: 0 | E13: 0 | F13: 0 | G13: 0 | H13: =SUM(C13:G13) -> 0 | I13: 0 | J13: 0 | K13: 0 | L13: 0 | M13: 0 | N13: =SUM(I13:M13) -> 0 | O13: 0 | P13: 0 | Q13: 0 | R13: 0 | S13: 0 | T13: =SUM(O13:S13) -> 0 | U13: 0 | V13: 0 | W13: 0 | X13: 0 | Y13: 0 | Z13: =SUM(U13:Y13) -> 0 | AA13: 1 | AB13: 1 | AC13: 0 | AD13: 0 | AE13: 0 | AF13: =SUM(AA13:AE13) -> 2 | AG13: 1 | AH13: 0 | AI13: 1 | AJ13: 1 | AK13: 1 | AL13: =SUM(AG13:AK13) -> 4 | AM13: =H13+N13+T13+Z13+AF13+AL13 -> 6 | AN13: =IF(AM13=0,"Conforme",IF(AM13<=12,"Atenção","Crítico")) -> Atenção
A14: HU12 | B14: [Recycling] Como usuário, quero obter o horário de funcionamento de cada instalação de reciclagem, para que eu possa agendar entregas em meus dias de folga ou após o trabalho. | C14: 0 | D14: 0 | E14: 0 | F14: 0 | G14: 0 | H14: =SUM(C14:G14) -> 0 | I14: 0 | J14: 0 | K14: 0 | L14: 0 | M14: 0 | N14: =SUM(I14:M14) -> 0 | O14: 0 | P14: 0 | Q14: 0 | R14: 0 | S14: 0 | T14: =SUM(O14:S14) -> 0 | U14: 0 | V14: 0 | W14: 0 | X14: 0 | Y14: 0 | Z14: =SUM(U14:Y14) -> 0 | AA14: 0 | AB14: 0 | AC14: 0 | AD14: 0 | AE14: 0 | AF14: =SUM(AA14:AE14) -> 0 | AG14: 1 | AH14: 0 | AI14: 1 | AJ14: 1 | AK14: 1 | AL14: =SUM(AG14:AK14) -> 4 | AM14: =H14+N14+T14+Z14+AF14+AL14 -> 4 | AN14: =IF(AM14=0,"Conforme",IF(AM14<=12,"Atenção","Crítico")) -> Atenção
... A32: HU30 | B32: [Planning Poker] Como Mike, quero ver algumas métricas sobre o uso do jogo, para ver o quanto ele está sendo utilizado. | C32: 0 | D32: 0 | E32: 0 | F32: 0 | G32: 0 | H32: =SUM(C32:G32) -> 0 | I32: 0 | J32: 0 | K32: 0 | L32: 0 | M32: 0 | N32: =SUM(I32:M32) -> 0 | O32: 0 | P32: 0 | Q32: 0 | R32: 0 | S32: 1 | T32: =SUM(O32:S32) -> 1 | U32: 0 | V32: 0 | W32: 0 | X32: 0 | Y32: 0 | Z32: =SUM(U32:Y32) -> 0 | AA32: 0 | AB32: 0 | AC32: 0 | AD32: 0 | AE32: 0 | AF32: =SUM(AA32:AE32) -> 0 | AG32: 1 | AH32: 0 | AI32: 1 | AJ32: 1 | AK32: 1 | AL32: =SUM(AG32:AK32) -> 4 | AM32: =H32+N32+T32+Z32+AF32+AL32 -> 5 | AN32: =IF(AM32=0,"Conforme",IF(AM32<=12,"Atenção","Crítico")) -> Atenção

Sheet ChatGPT_FewShot
A1: Avaliação de Requirements Smells — ChatGPT FewShot
A2: HU | B2: Descrição | C2: I-1 | D2: I-2 | E2: I-3 | F2: I-4 | G2: I-5 | H2: I_Count | I2: N-1 | J2: N-2 | K2: N-3 | L2: N-4 | M2: N-5 | N2: N_Count | O2: V-1 | P2: V-2 | Q2: V-3 | R2: V-4 | S2: V-5 | T2: V_Count | U2: E-1 | V2: E-2 | W2: E-3 | X2: E-4 | Y2: E-5 | Z2: E_Count | AA2: S-1 | AB2: S-2 | AC2: S-3 | AD2: S-4 | AE2: S-5 | AF2: S_Count | AG2: T-1 | AH2: T-2 | AI2: T-3 | AJ2: T-4 | AK2: T-5 | AL2: T_Count | AM2: Total_Smells | AN2: Nível
A3: HU01 | B3: [Federal Spending] Como usuário, quero que o botão de publicar no FABS seja desativado após clicar, enquanto as derivações acontecem, para que eu não possa clicar múltiplas vezes na mesma submissão. | C3: 0 | D3: 0 | E3: 0 | F3: 0 | G3: 0 | H3: =SUM(C3:G3) -> 0 | I3: 0 | J3: 1 | K3: 0 | L3: 0 | M3: 1 | N3: =SUM(I3:M3) -> 2 | O3: 0 | P3: 0 | Q3: 0 | R3: 0 | S3: 0 | T3: =SUM(O3:S3) -> 0 | U3: 0 | V3: 0 | W3: 0 | X3: 0 | Y3: 0 | Z3: =SUM(U3:Y3) -> 0 | AA3: 0 | AB3: 0 | AC3: 0 | AD3: 0 | AE3: 0 | AF3: =SUM(AA3:AE3) -> 0 | AG3: 1 | AH3: 1 | AI3: 1 | AJ3: 0 | AK3: 0 | AL3: =SUM(AG3:AK3) -> 3 | AM3: =H3+N3+T3+Z3+AF3+AL3 -> 5 | AN3: =IF(AM3=0,"Conforme",IF(AM3<=12,"Atenção","Crítico")) -> Atenção
A4: HU02 | B4: [Federal Spending] Como usuário de agência, quero enviar meus dados com campos cercados por aspas, para que o Excel não remova zeros à esquerda ou à direita. | C4: 0 | D4: 0 | E4: 0 | F4: 0 | G4: 0 | H4: =SUM(C4:G4) -> 0 | I4: 0 | J4: 0 | K4: 1 | L4: 0 | M4: 0 | N4: =SUM(I4:M4) -> 1 | O4: 0 | P4: 0 | Q4: 0 | R4: 0 | S4: 0 | T4: =SUM(O4:S4) -> 0 | U4: 0 | V4: 0 | W4: 0 | X4: 0 | Y4: 0 | Z4: =SUM(U4:Y4) -> 0 | AA4: 0 | AB4: 0 | AC4: 0 | AD4: 0 | AE4: 0 | AF4: =SUM(AA4:AE4) -> 0 | AG4: 1 | AH4: 0 | AI4: 1 | AJ4: 0 | AK4: 0 | AL4: =SUM(AG4:AK4) -> 2 | AM4: =H4+N4+T4+Z4+AF4+AL4 -> 3 | AN4: =IF(AM4=0,"Conforme",IF(AM4<=12,"Atenção","Crítico")) -> Atenção
A5: HU03 | B5: [Federal Spending] Como usuário do site, quero acessar os arquivos publicados pelo FABS, para que eu possa ver os novos arquivos conforme chegam. | C5: 0 | D5: 0 | E5: 0 | F5: 0 | G5: 0 | H5: =SUM(C5:G5) -> 0 | I5: 0 | J5: 0 | K5: 0 | L5: 0 | M5: 0 | N5: =SUM(I5:M5) -> 0 | O5: 0 | P5: 0 | Q5: 0 | R5: 0 | S5: 0 | T5: =SUM(O5:S5) -> 0 | U5: 0 | V5: 0 | W5: 0 | X5: 0 | Y5: 0 | Z5: =SUM(U5:Y5) -> 0 | AA5: 0 | AB5: 0 | AC5: 0 | AD5: 0 | AE5: 0 | AF5: =SUM(AA5:AE5) -> 0 | AG5: 1 | AH5: 0 | AI5: 0 | AJ5: 0 | AK5: 0 | AL5: =SUM(AG5:AK5) -> 1 | AM5: =H5+N5+T5+Z5+AF5+AL5 -> 1 | AN5: =IF(AM5=0,"Conforme",IF(AM5<=12,"Atenção","Crítico")) -> Atenção
A6: HU04 | B6: [Federal Spending] Como usuário da agência, quero receber um erro de arquivo mais útil ao enviar um arquivo com extensão incorreta. | C6: 0 | D6: 0 | E6: 0 | F6: 0 | G6: 0 | H6: =SUM(C6:G6) -> 0 | I6: 0 | J6: 0 | K6: 0 | L6: 0 | M6: 0 | N6: =SUM(I6:M6) -> 0 | O6: 1 | P6: 0 | Q6: 0 | R6: 0 | S6: 0 | T6: =SUM(O6:S6) -> 1 | U6: 0 | V6: 0 | W6: 0 | X6: 0 | Y6: 0 | Z6: =SUM(U6:Y6) -> 0 | AA6: 0 | AB6: 0 | AC6: 0 | AD6: 0 | AE6: 0 | AF6: =SUM(AA6:AE6) -> 0 | AG6: 1 | AH6: 0 | AI6: 0 | AJ6: 0 | AK6: 0 | AL6: =SUM(AG6:AK6) -> 1 | AM6: =H6+N6+T6+Z6+AF6+AL6 -> 2 | AN6: =IF(AM6=0,"Conforme",IF(AM6<=12,"Atenção","Crítico")) -> Atenção
A7: HU05 | B7: [Federal Spending] Como desenvolvedor, quero que as requisições de geração de arquivos D sejam gerenciadas e armazenadas em cache, para que requisições duplicadas não causem problemas de desempenho. | C7: 0 | D7: 0 | E7: 0 | F7: 0 | G7: 0 | H7: =SUM(C7:G7) -> 0 | I7: 0 | J7: 0 | K7: 0 | L7: 1 | M7: 0 | N7: =SUM(I7:M7) -> 1 | O7: 0 | P7: 0 | Q7: 0 | R7: 0 | S7: 0 | T7: =SUM(O7:S7) -> 0 | U7: 0 | V7: 0 | W7: 0 | X7: 0 | Y7: 0 | Z7: =SUM(U7:Y7) -> 0 | AA7: 0 | AB7: 0 | AC7: 0 | AD7: 0 | AE7: 0 | AF7: =SUM(AA7:AE7) -> 0 | AG7: 1 | AH7: 0 | AI7: 0 | AJ7: 0 | AK7: 0 | AL7: =SUM(AG7:AK7) -> 1 | AM7: =H7+N7+T7+Z7+AF7+AL7 -> 2 | AN7: =IF(AM7=0,"Conforme",IF(AM7<=12,"Atenção","Crítico")) -> Atenção
A8: HU06 | B8: [Federal Spending] Como usuário de agência, quero incluir um grande número de campos flexíveis sem impacto no desempenho. | C8: 0 | D8: 0 | E8: 0 | F8: 0 | G8: 0 | H8: =SUM(C8:G8) -> 0 | I8: 0 | J8: 0 | K8: 0 | L8: 0 | M8: 0 | N8: =SUM(I8:M8) -> 0 | O8: 0 | P8: 0 | Q8: 0 | R8: 0 | S8: 0 | T8: =SUM(O8:S8) -> 0 | U8: 1 | V8: 0 | W8: 0 | X8: 0 | Y8: 1 | Z8: =SUM(U8:Y8) -> 2 | AA8: 0 | AB8: 0 | AC8: 0 | AD8: 0 | AE8: 0 | AF8: =SUM(AA8:AE8) -> 0 | AG8: 1 | AH8: 1 | AI8: 0 | AJ8: 0 | AK8: 0 | AL8: =SUM(AG8:AK8) -> 2 | AM8: =H8+N8+T8+Z8+AF8+AL8 -> 4 | AN8: =IF(AM8=0,"Conforme",IF(AM8<=12,"Atenção","Crítico")) -> Atenção
A9: HU07 | B9: [Federal Spending] Como desenvolvedor, quero atualizar a tabela de regras de validação do Broker para contemplar as atualizações de regras do DB-2213. | C9: 1 | D9: 0 | E9: 0 | F9: 0 | G9: 0 | H9: =SUM(C9:G9) -> 1 | I9: 0 | J9: 0 | K9: 0 | L9: 0 | M9: 0 | N9: =SUM(I9:M9) -> 0 | O9: 0 | P9: 0 | Q9: 0 | R9: 0 | S9: 0 | T9: =SUM(O9:S9) -> 0 | U9: 0 | V9: 0 | W9: 0 | X9: 0 | Y9: 0 | Z9: =SUM(U9:Y9) -> 0 | AA9: 0 | AB9: 0 | AC9: 0 | AD9: 0 | AE9: 0 | AF9: =SUM(AA9:AE9) -> 0 | AG9: 1 | AH9: 0 | AI9: 0 | AJ9: 0 | AK9: 0 | AL9: =SUM(AG9:AK9) -> 1 | AM9: =H9+N9+T9+Z9+AF9+AL9 -> 2 | AN9: =IF(AM9=0,"Conforme",IF(AM9<=12,"Atenção","Crítico")) -> Atenção
A10: HU08 | B10: [Federal Spending] Como usuário do site, quero ver dados de assistência financeira atualizados diariamente. | C10: 0 | D10: 0 | E10: 0 | F10: 0 | G10: 0 | H10: =SUM(C10:G10) -> 0 | I10: 0 | J10: 0 | K10: 0 | L10: 0 | M10: 0 | N10: =SUM(I10:M10) -> 0 | O10: 0 | P10: 0 | Q10: 0 | R10: 0 | S10: 0 | T10: =SUM(O10:S10) -> 0 | U10: 0 | V10: 0 | W10: 1 | X10: 0 | Y10: 0 | Z10: =SUM(U10:Y10) -> 1 | AA10: 0 | AB10: 0 | AC10: 0 | AD10: 0 | AE10: 0 | AF10: =SUM(AA10:AE10) -> 0 | AG10: 1 | AH10: 0 | AI10: 0 | AJ10: 0 | AK10: 0 | AL10: =SUM(AG10:AK10) -> 1 | AM10: =H10+N10+T10+Z10+AF10+AL10 -> 2 | AN10: =IF(AM10=0,"Conforme",IF(AM10<=12,"Atenção","Crítico")) -> Atenção
A11: HU09 | B11: [Federal Spending] Como proprietário, quero garantir que o USAspending envie apenas registros de concessão ao meu sistema. | C11: 0 | D11: 0 | E11: 0 | F11: 0 | G11: 0 | H11: =SUM(C11:G11) -> 0 | I11: 0 | J11: 0 | K11: 0 | L11: 0 | M11: 0 | N11: =SUM(I11:M11) -> 0 | O11: 0 | P11: 0 | Q11: 0 | R11: 0 | S11: 0 | T11: =SUM(O11:S11) -> 0 | U11: 0 | V11: 0 | W11: 0 | X11: 1 | Y11: 0 | Z11: =SUM(U11:Y11) -> 1 | AA11: 0 | AB11: 0 | AC11: 0 | AD11: 0 | AE11: 0 | AF11: =SUM(AA11:AE11) -> 0 | AG11: 1 | AH11: 0 | AI11: 0 | AJ11: 0 | AK11: 0 | AL11: =SUM(AG11:AK11) -> 1 | AM11: =H11+N11+T11+Z11+AF11+AL11 -> 2 | AN11: =IF(AM11=0,"Conforme",IF(AM11<=12,"Atenção","Crítico")) -> Atenção
A12: HU10 | B12: [Federal Spending] Como usuário do broker, quero ajudar a criar mockups de conteúdo, para que eu possa enviar meus dados eficientemente. | C12: 0 | D12: 0 | E12: 0 | F12: 0 | G12: 0 | H12: =SUM(C12:G12) -> 0 | I12: 0 | J12: 0 | K12: 0 | L12: 0 | M12: 0 | N12: =SUM(I12:M12) -> 0 | O12: 0 | P12: 0 | Q12: 0 | R12: 0 | S12: 0 | T12: =SUM(O12:S12) -> 0 | U12: 0 | V12: 0 | W12: 0 | X12: 0 | Y12: 0 | Z12: =SUM(U12:Y12) -> 0 | AA12: 0 | AB12: 0 | AC12: 0 | AD12: 0 | AE12: 0 | AF12: =SUM(AA12:AE12) -> 0 | AG12: 1 | AH12: 0 | AI12: 0 | AJ12: 0 | AK12: 0 | AL12: =SUM(AG12:AK12) -> 1 | AM12: =H12+N12+T12+Z12+AF12+AL12 -> 1 | AN12: =IF(AM12=0,"Conforme",IF(AM12<=12,"Atenção","Crítico")) -> Atenção
A13: HU11 | B13: [Recycling] Como usuário, quero inserir meu CEP e obter uma lista de instalações de reciclagem próximas, para que eu possa decidir quais considerar. | C13: 0 | D13: 0 | E13: 0 | F13: 0 | G13: 0 | H13: =SUM(C13:G13) -> 0 | I13: 0 | J13: 0 | K13: 0 | L13: 0 | M13: 0 | N13: =SUM(I13:M13) -> 0 | O13: 0 | P13: 0 | Q13: 0 | R13: 0 | S13: 0 | T13: =SUM(O13:S13) -> 0 | U13: 0 | V13: 0 | W13: 0 | X13: 0 | Y13: 0 | Z13: =SUM(U13:Y13) -> 0 | AA13: 0 | AB13: 0 | AC13: 0 | AD13: 0 | AE13: 0 | AF13: =SUM(AA13:AE13) -> 0 | AG13: 1 | AH13: 0 | AI13: 0 | AJ13: 0 | AK13: 0 | AL13: =SUM(AG13:AK13) -> 1 | AM13: =H13+N13+T13+Z13+AF13+AL13 -> 1 | AN13: =IF(AM13=0,"Conforme",IF(AM13<=12,"Atenção","Crítico")) -> Atenção
A14: HU12 | B14: [Recycling] Como usuário, quero obter o horário de funcionamento de cada instalação de reciclagem, para que eu possa agendar entregas em meus dias de folga ou após o trabalho. | C14: 0 | D14: 0 | E14: 0 | F14: 0 | G14: 0 | H14: =SUM(C14:G14) -> 0 | I14: 0 | J14: 0 | K14: 0 | L14: 0 | M14: 0 | N14: =SUM(I14:M14) -> 0 | O14: 0 | P14: 0 | Q14: 0 | R14: 0 | S14: 0 | T14: =SUM(O14:S14) -> 0 | U14: 0 | V14: 0 | W14: 0 | X14: 0 | Y14: 0 | Z14: =SUM(U14:Y14) -> 0 | AA14: 0 | AB14: 0 | AC14: 0 | AD14: 0 | AE14: 0 | AF14: =SUM(AA14:AE14) -> 0 | AG14: 1 | AH14: 0 | AI14: 0 | AJ14: 0 | AK14: 0 | AL14: =SUM(AG14:AK14) -> 1 | AM14: =H14+N14+T14+Z14+AF14+AL14 -> 1 | AN14: =IF(AM14=0,"Conforme",IF(AM14<=12,"Atenção","Crítico")) -> Atenção
... A32: HU30 | B32: [Planning Poker] Como Mike, quero ver algumas métricas sobre o uso do jogo, para ver o quanto ele está sendo utilizado. | C32: 0 | D32: 0 | E32: 0 | F32: 0 | G32: 0 | H32: =SUM(C32:G32) -> 0 | I32: 0 | J32: 0 | K32: 0 | L32: 0 | M32: 0 | N32: =SUM(I32:M32) -> 0 | O32: 0 | P32: 0 | Q32: 0 | R32: 0 | S32: 1 | T32: =SUM(O32:S32) -> 1 | U32: 0 | V32: 0 | W32: 0 | X32: 0 | Y32: 0 | Z32: =SUM(U32:Y32) -> 0 | AA32: 0 | AB32: 0 | AC32: 0 | AD32: 0 | AE32: 0 | AF32: =SUM(AA32:AE32) -> 0 | AG32: 1 | AH32: 0 | AI32: 0 | AJ32: 0 | AK32: 0 | AL32: =SUM(AG32:AK32) -> 1 | AM32: =H32+N32+T32+Z32+AF32+AL32 -> 2 | AN32: =IF(AM32=0,"Conforme",IF(AM32<=12,"Atenção","Crítico")) -> Atenção

Sheet ChatGPT_CoT
A1: Avaliação de Requirements Smells — ChatGPT CoT
A2: HU | B2: Descrição | C2: I-1 | D2: I-2 | E2: I-3 | F2: I-4 | G2: I-5 | H2: I_Count | I2: N-1 | J2: N-2 | K2: N-3 | L2: N-4 | M2: N-5 | N2: N_Count | O2: V-1 | P2: V-2 | Q2: V-3 | R2: V-4 | S2: V-5 | T2: V_Count | U2: E-1 | V2: E-2 | W2: E-3 | X2: E-4 | Y2: E-5 | Z2: E_Count | AA2: S-1 | AB2: S-2 | AC2: S-3 | AD2: S-4 | AE2: S-5 | AF2: S_Count | AG2: T-1 | AH2: T-2 | AI2: T-3 | AJ2: T-4 | AK2: T-5 | AL2: T_Count | AM2: Total_Smells | AN2: Nível
A3: HU01 | B3: [Federal Spending] Como usuário, quero que o botão de publicar no FABS seja desativado após clicar, enquanto as derivações acontecem, para que eu não possa clicar múltiplas vezes na mesma submissão. | C3: 0 | D3: 0 | E3: 1 | F3: 0 | G3: 0 | H3: =SUM(C3:G3) -> 1 | I3: 0 | J3: 1 | K3: 0 | L3: 0 | M3: 0 | N3: =SUM(I3:M3) -> 1 | O3: 0 | P3: 0 | Q3: 0 | R3: 0 | S3: 0 | T3: =SUM(O3:S3) -> 0 | U3: 0 | V3: 0 | W3: 0 | X3: 0 | Y3: 0 | Z3: =SUM(U3:Y3) -> 0 | AA3: 0 | AB3: 0 | AC3: 0 | AD3: 0 | AE3: 0 | AF3: =SUM(AA3:AE3) -> 0 | AG3: 1 | AH3: 0 | AI3: 1 | AJ3: 1 | AK3: 1 | AL3: =SUM(AG3:AK3) -> 4 | AM3: =H3+N3+T3+Z3+AF3+AL3 -> 6 | AN3: =IF(AM3=0,"Conforme",IF(AM3<=12,"Atenção","Crítico")) -> Atenção
A4: HU02 | B4: [Federal Spending] Como usuário de agência, quero enviar meus dados com campos cercados por aspas, para que o Excel não remova zeros à esquerda ou à direita. | C4: 0 | D4: 0 | E4: 0 | F4: 0 | G4: 0 | H4: =SUM(C4:G4) -> 0 | I4: 0 | J4: 0 | K4: 1 | L4: 0 | M4: 0 | N4: =SUM(I4:M4) -> 1 | O4: 0 | P4: 0 | Q4: 0 | R4: 0 | S4: 0 | T4: =SUM(O4:S4) -> 0 | U4: 0 | V4: 0 | W4: 0 | X4: 0 | Y4: 0 | Z4: =SUM(U4:Y4) -> 0 | AA4: 0 | AB4: 0 | AC4: 0 | AD4: 0 | AE4: 0 | AF4: =SUM(AA4:AE4) -> 0 | AG4: 1 | AH4: 0 | AI4: 1 | AJ4: 1 | AK4: 1 | AL4: =SUM(AG4:AK4) -> 4 | AM4: =H4+N4+T4+Z4+AF4+AL4 -> 5 | AN4: =IF(AM4=0,"Conforme",IF(AM4<=12,"Atenção","Crítico")) -> Atenção
A5: HU03 | B5: [Federal Spending] Como usuário do site, quero acessar os arquivos publicados pelo FABS, para que eu possa ver os novos arquivos conforme chegam. | C5: 0 | D5: 0 | E5: 1 | F5: 0 | G5: 0 | H5: =SUM(C5:G5) -> 1 | I5: 0 | J5: 0 | K5: 0 | L5: 0 | M5: 0 | N5: =SUM(I5:M5) -> 0 | O5: 0 | P5: 0 | Q5: 0 | R5: 0 | S5: 0 | T5: =SUM(O5:S5) -> 0 | U5: 0 | V5: 0 | W5: 1 | X5: 0 | Y5: 0 | Z5: =SUM(U5:Y5) -> 1 | AA5: 0 | AB5: 0 | AC5: 0 | AD5: 0 | AE5: 0 | AF5: =SUM(AA5:AE5) -> 0 | AG5: 1 | AH5: 0 | AI5: 1 | AJ5: 1 | AK5: 1 | AL5: =SUM(AG5:AK5) -> 4 | AM5: =H5+N5+T5+Z5+AF5+AL5 -> 6 | AN5: =IF(AM5=0,"Conforme",IF(AM5<=12,"Atenção","Crítico")) -> Atenção
A6: HU04 | B6: [Federal Spending] Como usuário da agência, quero receber um erro de arquivo mais útil ao enviar um arquivo com extensão incorreta. | C6: 0 | D6: 0 | E6: 0 | F6: 0 | G6: 0 | H6: =SUM(C6:G6) -> 0 | I6: 0 | J6: 0 | K6: 0 | L6: 0 | M6: 0 | N6: =SUM(I6:M6) -> 0 | O6: 1 | P6: 0 | Q6: 0 | R6: 0 | S6: 0 | T6: =SUM(O6:S6) -> 1 | U6: 1 | V6: 0 | W6: 0 | X6: 0 | Y6: 0 | Z6: =SUM(U6:Y6) -> 1 | AA6: 0 | AB6: 0 | AC6: 0 | AD6: 0 | AE6: 0 | AF6: =SUM(AA6:AE6) -> 0 | AG6: 1 | AH6: 0 | AI6: 1 | AJ6: 1 | AK6: 1 | AL6: =SUM(AG6:AK6) -> 4 | AM6: =H6+N6+T6+Z6+AF6+AL6 -> 6 | AN6: =IF(AM6=0,"Conforme",IF(AM6<=12,"Atenção","Crítico")) -> Atenção
A7: HU05 | B7: [Federal Spending] Como desenvolvedor, quero que as requisições de geração de arquivos D sejam gerenciadas e armazenadas em cache, para que requisições duplicadas não causem problemas de desempenho. | C7: 0 | D7: 0 | E7: 0 | F7: 0 | G7: 1 | H7: =SUM(C7:G7) -> 1 | I7: 0 | J7: 0 | K7: 0 | L7: 1 | M7: 0 | N7: =SUM(I7:M7) -> 1 | O7: 0 | P7: 1 | Q7: 0 | R7: 0 | S7: 0 | T7: =SUM(O7:S7) -> 1 | U7: 0 | V7: 0 | W7: 0 | X7: 0 | Y7: 0 | Z7: =SUM(U7:Y7) -> 0 | AA7: 0 | AB7: 0 | AC7: 0 | AD7: 0 | AE7: 0 | AF7: =SUM(AA7:AE7) -> 0 | AG7: 1 | AH7: 0 | AI7: 1 | AJ7: 1 | AK7: 1 | AL7: =SUM(AG7:AK7) -> 4 | AM7: =H7+N7+T7+Z7+AF7+AL7 -> 7 | AN7: =IF(AM7=0,"Conforme",IF(AM7<=12,"Atenção","Crítico")) -> Atenção
A8: HU06 | B8: [Federal Spending] Como usuário de agência, quero incluir um grande número de campos flexíveis sem impacto no desempenho. | C8: 0 | D8: 0 | E8: 0 | F8: 0 | G8: 0 | H8: =SUM(C8:G8) -> 0 | I8: 0 | J8: 0 | K8: 0 | L8: 0 | M8: 0 | N8: =SUM(I8:M8) -> 0 | O8: 1 | P8: 0 | Q8: 0 | R8: 0 | S8: 0 | T8: =SUM(O8:S8) -> 1 | U8: 1 | V8: 0 | W8: 0 | X8: 0 | Y8: 1 | Z8: =SUM(U8:Y8) -> 2 | AA8: 0 | AB8: 0 | AC8: 0 | AD8: 0 | AE8: 0 | AF8: =SUM(AA8:AE8) -> 0 | AG8: 1 | AH8: 1 | AI8: 1 | AJ8: 1 | AK8: 1 | AL8: =SUM(AG8:AK8) -> 5 | AM8: =H8+N8+T8+Z8+AF8+AL8 -> 8 | AN8: =IF(AM8=0,"Conforme",IF(AM8<=12,"Atenção","Crítico")) -> Atenção
A9: HU07 | B9: [Federal Spending] Como desenvolvedor, quero atualizar a tabela de regras de validação do Broker para contemplar as atualizações de regras do DB-2213. | C9: 1 | D9: 0 | E9: 0 | F9: 0 | G9: 0 | H9: =SUM(C9:G9) -> 1 | I9: 0 | J9: 0 | K9: 0 | L9: 0 | M9: 0 | N9: =SUM(I9:M9) -> 0 | O9: 1 | P9: 1 | Q9: 0 | R9: 0 | S9: 0 | T9: =SUM(O9:S9) -> 2 | U9: 0 | V9: 0 | W9: 0 | X9: 0 | Y9: 0 | Z9: =SUM(U9:Y9) -> 0 | AA9: 0 | AB9: 0 | AC9: 0 | AD9: 0 | AE9: 0 | AF9: =SUM(AA9:AE9) -> 0 | AG9: 1 | AH9: 0 | AI9: 1 | AJ9: 1 | AK9: 1 | AL9: =SUM(AG9:AK9) -> 4 | AM9: =H9+N9+T9+Z9+AF9+AL9 -> 7 | AN9: =IF(AM9=0,"Conforme",IF(AM9<=12,"Atenção","Crítico")) -> Atenção
A10: HU08 | B10: [Federal Spending] Como usuário do site, quero ver dados de assistência financeira atualizados diariamente. | C10: 0 | D10: 0 | E10: 0 | F10: 0 | G10: 0 | H10: =SUM(C10:G10) -> 0 | I10: 0 | J10: 0 | K10: 0 | L10: 0 | M10: 0 | N10: =SUM(I10:M10) -> 0 | O10: 1 | P10: 0 | Q10: 0 | R10: 0 | S10: 0 | T10: =SUM(O10:S10) -> 1 | U10: 0 | V10: 0 | W10: 1 | X10: 0 | Y10: 0 | Z10: =SUM(U10:Y10) -> 1 | AA10: 0 | AB10: 0 | AC10: 0 | AD10: 0 | AE10: 0 | AF10: =SUM(AA10:AE10) -> 0 | AG10: 1 | AH10: 0 | AI10: 1 | AJ10: 1 | AK10: 1 | AL10: =SUM(AG10:AK10) -> 4 | AM10: =H10+N10+T10+Z10+AF10+AL10 -> 6 | AN10: =IF(AM10=0,"Conforme",IF(AM10<=12,"Atenção","Crítico")) -> Atenção
A11: HU09 | B11: [Federal Spending] Como proprietário, quero garantir que o USAspending envie apenas registros de concessão ao meu sistema. | C11: 0 | D11: 0 | E11: 1 | F11: 0 | G11: 0 | H11: =SUM(C11:G11) -> 1 | I11: 0 | J11: 0 | K11: 0 | L11: 0 | M11: 0 | N11: =SUM(I11:M11) -> 0 | O11: 0 | P11: 0 | Q11: 0 | R11: 0 | S11: 0 | T11: =SUM(O11:S11) -> 0 | U11: 0 | V11: 0 | W11: 0 | X11: 1 | Y11: 0 | Z11: =SUM(U11:Y11) -> 1 | AA11: 0 | AB11: 0 | AC11: 0 | AD11: 0 | AE11: 0 | AF11: =SUM(AA11:AE11) -> 0 | AG11: 1 | AH11: 0 | AI11: 1 | AJ11: 1 | AK11: 1 | AL11: =SUM(AG11:AK11) -> 4 | AM11: =H11+N11+T11+Z11+AF11+AL11 -> 6 | AN11: =IF(AM11=0,"Conforme",IF(AM11<=12,"Atenção","Crítico")) -> Atenção
A12: HU10 | B12: [Federal Spending] Como usuário do broker, quero ajudar a criar mockups de conteúdo, para que eu possa enviar meus dados eficientemente. | C12: 0 | D12: 0 | E12: 0 | F12: 1 | G12: 0 | H12: =SUM(C12:G12) -> 1 | I12: 0 | J12: 0 | K12: 0 | L12: 0 | M12: 0 | N12: =SUM(I12:M12) -> 0 | O12: 0 | P12: 0 | Q12: 0 | R12: 0 | S12: 0 | T12: =SUM(O12:S12) -> 0 | U12: 0 | V12: 0 | W12: 0 | X12: 0 | Y12: 0 | Z12: =SUM(U12:Y12) -> 0 | AA12: 0 | AB12: 0 | AC12: 0 | AD12: 0 | AE12: 0 | AF12: =SUM(AA12:AE12) -> 0 | AG12: 1 | AH12: 0 | AI12: 1 | AJ12: 1 | AK12: 1 | AL12: =SUM(AG12:AK12) -> 4 | AM12: =H12+N12+T12+Z12+AF12+AL12 -> 5 | AN12: =IF(AM12=0,"Conforme",IF(AM12<=12,"Atenção","Crítico")) -> Atenção
A13: HU11 | B13: [Recycling] Como usuário, quero inserir meu CEP e obter uma lista de instalações de reciclagem próximas, para que eu possa decidir quais considerar. | C13: 0 | D13: 0 | E13: 0 | F13: 0 | G13: 0 | H13: =SUM(C13:G13) -> 0 | I13: 0 | J13: 0 | K13: 0 | L13: 0 | M13: 0 | N13: =SUM(I13:M13) -> 0 | O13: 0 | P13: 0 | Q13: 0 | R13: 0 | S13: 0 | T13: =SUM(O13:S13) -> 0 | U13: 0 | V13: 0 | W13: 0 | X13: 0 | Y13: 0 | Z13: =SUM(U13:Y13) -> 0 | AA13: 1 | AB13: 0 | AC13: 0 | AD13: 0 | AE13: 0 | AF13: =SUM(AA13:AE13) -> 1 | AG13: 1 | AH13: 0 | AI13: 1 | AJ13: 1 | AK13: 1 | AL13: =SUM(AG13:AK13) -> 4 | AM13: =H13+N13+T13+Z13+AF13+AL13 -> 5 | AN13: =IF(AM13=0,"Conforme",IF(AM13<=12,"Atenção","Crítico")) -> Atenção
A14: HU12 | B14: [Recycling] Como usuário, quero obter o horário de funcionamento de cada instalação de reciclagem, para que eu possa agendar entregas em meus dias de folga ou após o trabalho. | C14: 0 | D14: 0 | E14: 0 | F14: 0 | G14: 0 | H14: =SUM(C14:G14) -> 0 | I14: 0 | J14: 0 | K14: 0 | L14: 0 | M14: 0 | N14: =SUM(I14:M14) -> 0 | O14: 0 | P14: 0 | Q14: 0 | R14: 0 | S14: 0 | T14: =SUM(O14:S14) -> 0 | U14: 0 | V14: 0 | W14: 0 | X14: 0 | Y14: 0 | Z14: =SUM(U14:Y14) -> 0 | AA14: 0 | AB14: 0 | AC14: 0 | AD14: 0 | AE14: 0 | AF14: =SUM(AA14:AE14) -> 0 | AG14: 1 | AH14: 0 | AI14: 1 | AJ14: 1 | AK14: 1 | AL14: =SUM(AG14:AK14) -> 4 | AM14: =H14+N14+T14+Z14+AF14+AL14 -> 4 | AN14: =IF(AM14=0,"Conforme",IF(AM14<=12,"Atenção","Crítico")) -> Atenção
... A32: HU30 | B32: [Planning Poker] Como Mike, quero ver algumas métricas sobre o uso do jogo, para ver o quanto ele está sendo utilizado. | C32: 0 | D32: 0 | E32: 0 | F32: 0 | G32: 0 | H32: =SUM(C32:G32) -> 0 | I32: 0 | J32: 0 | K32: 0 | L32: 0 | M32: 0 | N32: =SUM(I32:M32) -> 0 | O32: 0 | P32: 0 | Q32: 0 | R32: 0 | S32: 1 | T32: =SUM(O32:S32) -> 1 | U32: 0 | V32: 0 | W32: 0 | X32: 0 | Y32: 0 | Z32: =SUM(U32:Y32) -> 0 | AA32: 0 | AB32: 0 | AC32: 0 | AD32: 0 | AE32: 0 | AF32: =SUM(AA32:AE32) -> 0 | AG32: 1 | AH32: 0 | AI32: 1 | AJ32: 1 | AK32: 1 | AL32: =SUM(AG32:AK32) -> 4 | AM32: =H32+N32+T32+Z32+AF32+AL32 -> 5 | AN32: =IF(AM32=0,"Conforme",IF(AM32<=12,"Atenção","Crítico")) -> Atenção

Sheet Gemini_ZeroShot
A1: Avaliação de Requirements Smells — Gemini ZeroShot
A2: HU | B2: Descrição | C2: I-1 | D2: I-2 | E2: I-3 | F2: I-4 | G2: I-5 | H2: I_Count | I2: N-1 | J2: N-2 | K2: N-3 | L2: N-4 | M2: N-5 | N2: N_Count | O2: V-1 | P2: V-2 | Q2: V-3 | R2: V-4 | S2: V-5 | T2: V_Count | U2: E-1 | V2: E-2 | W2: E-3 | X2: E-4 | Y2: E-5 | Z2: E_Count | AA2: S-1 | AB2: S-2 | AC2: S-3 | AD2: S-4 | AE2: S-5 | AF2: S_Count | AG2: T-1 | AH2: T-2 | AI2: T-3 | AJ2: T-4 | AK2: T-5 | AL2: T_Count | AM2: Total_Smells | AN2: Nível
A3: HU01 | B3: [Federal Spending] Como usuário, quero que o botão de publicar no FABS seja desativado após clicar, enquanto as derivações acontecem, para que eu não possa clicar múltiplas vezes na mesma submissão. | C3: 0 | D3: 0 | E3: 0 | F3: 0 | G3: 0 | H3: =SUM(C3:G3) -> 0 | I3: 0 | J3: 0 | K3: 0 | L3: 0 | M3: 0 | N3: =SUM(I3:M3) -> 0 | O3: 0 | P3: 0 | Q3: 0 | R3: 0 | S3: 0 | T3: =SUM(O3:S3) -> 0 | U3: 0 | V3: 0 | W3: 0 | X3: 0 | Y3: 0 | Z3: =SUM(U3:Y3) -> 0 | AA3: 0 | AB3: 0 | AC3: 0 | AD3: 0 | AE3: 0 | AF3: =SUM(AA3:AE3) -> 0 | AG3: 0 | AH3: 0 | AI3: 0 | AJ3: 0 | AK3: 0 | AL3: =SUM(AG3:AK3) -> 0 | AM3: =H3+N3+T3+Z3+AF3+AL3 -> 0 | AN3: =IF(AM3=0,"Conforme",IF(AM3<=12,"Atenção","Crítico")) -> Conforme
A4: HU02 | B4: [Federal Spending] Como usuário de agência, quero enviar meus dados com campos cercados por aspas, para que o Excel não remova zeros à esquerda ou à direita. | C4: 0 | D4: 0 | E4: 0 | F4: 0 | G4: 0 | H4: =SUM(C4:G4) -> 0 | I4: 0 | J4: 0 | K4: 1 | L4: 0 | M4: 0 | N4: =SUM(I4:M4) -> 1 | O4: 0 | P4: 0 | Q4: 0 | R4: 0 | S4: 0 | T4: =SUM(O4:S4) -> 0 | U4: 0 | V4: 0 | W4: 0 | X4: 0 | Y4: 0 | Z4: =SUM(U4:Y4) -> 0 | AA4: 0 | AB4: 0 | AC4: 0 | AD4: 0 | AE4: 0 | AF4: =SUM(AA4:AE4) -> 0 | AG4: 0 | AH4: 0 | AI4: 0 | AJ4: 0 | AK4: 0 | AL4: =SUM(AG4:AK4) -> 0 | AM4: =H4+N4+T4+Z4+AF4+AL4 -> 1 | AN4: =IF(AM4=0,"Conforme",IF(AM4<=12,"Atenção","Crítico")) -> Atenção
A5: HU03 | B5: [Federal Spending] Como usuário do site, quero acessar os arquivos publicados pelo FABS, para que eu possa ver os novos arquivos conforme chegam. | C5: 0 | D5: 0 | E5: 0 | F5: 0 | G5: 0 | H5: =SUM(C5:G5) -> 0 | I5: 0 | J5: 0 | K5: 0 | L5: 0 | M5: 0 | N5: =SUM(I5:M5) -> 0 | O5: 0 | P5: 0 | Q5: 0 | R5: 0 | S5: 0 | T5: =SUM(O5:S5) -> 0 | U5: 0 | V5: 0 | W5: 0 | X5: 0 | Y5: 0 | Z5: =SUM(U5:Y5) -> 0 | AA5: 0 | AB5: 0 | AC5: 0 | AD5: 0 | AE5: 0 | AF5: =SUM(AA5:AE5) -> 0 | AG5: 0 | AH5: 0 | AI5: 0 | AJ5: 0 | AK5: 0 | AL5: =SUM(AG5:AK5) -> 0 | AM5: =H5+N5+T5+Z5+AF5+AL5 -> 0 | AN5: =IF(AM5=0,"Conforme",IF(AM5<=12,"Atenção","Crítico")) -> Conforme
A6: HU04 | B6: [Federal Spending] Como usuário da agência, quero receber um erro de arquivo mais útil ao enviar um arquivo com extensão incorreta. | C6: 0 | D6: 0 | E6: 0 | F6: 0 | G6: 0 | H6: =SUM(C6:G6) -> 0 | I6: 0 | J6: 0 | K6: 0 | L6: 0 | M6: 0 | N6: =SUM(I6:M6) -> 0 | O6: 1 | P6: 0 | Q6: 0 | R6: 0 | S6: 0 | T6: =SUM(O6:S6) -> 1 | U6: 0 | V6: 0 | W6: 0 | X6: 0 | Y6: 0 | Z6: =SUM(U6:Y6) -> 0 | AA6: 0 | AB6: 0 | AC6: 0 | AD6: 0 | AE6: 0 | AF6: =SUM(AA6:AE6) -> 0 | AG6: 0 | AH6: 0 | AI6: 0 | AJ6: 0 | AK6: 0 | AL6: =SUM(AG6:AK6) -> 0 | AM6: =H6+N6+T6+Z6+AF6+AL6 -> 1 | AN6: =IF(AM6=0,"Conforme",IF(AM6<=12,"Atenção","Crítico")) -> Atenção
A7: HU05 | B7: [Federal Spending] Como desenvolvedor, quero que as requisições de geração de arquivos D sejam gerenciadas e armazenadas em cache, para que requisições duplicadas não causem problemas de desempenho. | C7: 0 | D7: 0 | E7: 0 | F7: 0 | G7: 1 | H7: =SUM(C7:G7) -> 1 | I7: 0 | J7: 0 | K7: 0 | L7: 1 | M7: 0 | N7: =SUM(I7:M7) -> 1 | O7: 0 | P7: 0 | Q7: 0 | R7: 0 | S7: 0 | T7: =SUM(O7:S7) -> 0 | U7: 0 | V7: 0 | W7: 0 | X7: 0 | Y7: 0 | Z7: =SUM(U7:Y7) -> 0 | AA7: 0 | AB7: 0 | AC7: 0 | AD7: 0 | AE7: 0 | AF7: =SUM(AA7:AE7) -> 0 | AG7: 0 | AH7: 0 | AI7: 0 | AJ7: 0 | AK7: 0 | AL7: =SUM(AG7:AK7) -> 0 | AM7: =H7+N7+T7+Z7+AF7+AL7 -> 2 | AN7: =IF(AM7=0,"Conforme",IF(AM7<=12,"Atenção","Crítico")) -> Atenção
A8: HU06 | B8: [Federal Spending] Como usuário de agência, quero incluir um grande número de campos flexíveis sem impacto no desempenho. | C8: 0 | D8: 0 | E8: 0 | F8: 0 | G8: 0 | H8: =SUM(C8:G8) -> 0 | I8: 0 | J8: 0 | K8: 0 | L8: 0 | M8: 0 | N8: =SUM(I8:M8) -> 0 | O8: 0 | P8: 0 | Q8: 0 | R8: 0 | S8: 0 | T8: =SUM(O8:S8) -> 0 | U8: 1 | V8: 0 | W8: 0 | X8: 0 | Y8: 1 | Z8: =SUM(U8:Y8) -> 2 | AA8: 0 | AB8: 0 | AC8: 0 | AD8: 0 | AE8: 0 | AF8: =SUM(AA8:AE8) -> 0 | AG8: 0 | AH8: 1 | AI8: 0 | AJ8: 0 | AK8: 0 | AL8: =SUM(AG8:AK8) -> 1 | AM8: =H8+N8+T8+Z8+AF8+AL8 -> 3 | AN8: =IF(AM8=0,"Conforme",IF(AM8<=12,"Atenção","Crítico")) -> Atenção
A9: HU07 | B9: [Federal Spending] Como desenvolvedor, quero atualizar a tabela de regras de validação do Broker para contemplar as atualizações de regras do DB-2213. | C9: 1 | D9: 0 | E9: 0 | F9: 0 | G9: 0 | H9: =SUM(C9:G9) -> 1 | I9: 0 | J9: 0 | K9: 0 | L9: 0 | M9: 0 | N9: =SUM(I9:M9) -> 0 | O9: 0 | P9: 0 | Q9: 0 | R9: 0 | S9: 0 | T9: =SUM(O9:S9) -> 0 | U9: 0 | V9: 0 | W9: 0 | X9: 0 | Y9: 0 | Z9: =SUM(U9:Y9) -> 0 | AA9: 0 | AB9: 0 | AC9: 0 | AD9: 0 | AE9: 0 | AF9: =SUM(AA9:AE9) -> 0 | AG9: 0 | AH9: 0 | AI9: 0 | AJ9: 0 | AK9: 0 | AL9: =SUM(AG9:AK9) -> 0 | AM9: =H9+N9+T9+Z9+AF9+AL9 -> 1 | AN9: =IF(AM9=0,"Conforme",IF(AM9<=12,"Atenção","Crítico")) -> Atenção
A10: HU08 | B10: [Federal Spending] Como usuário do site, quero ver dados de assistência financeira atualizados diariamente. | C10: 0 | D10: 0 | E10: 0 | F10: 0 | G10: 0 | H10: =SUM(C10:G10) -> 0 | I10: 0 | J10: 0 | K10: 0 | L10: 0 | M10: 0 | N10: =SUM(I10:M10) -> 0 | O10: 0 | P10: 0 | Q10: 0 | R10: 0 | S10: 0 | T10: =SUM(O10:S10) -> 0 | U10: 0 | V10: 0 | W10: 1 | X10: 0 | Y10: 0 | Z10: =SUM(U10:Y10) -> 1 | AA10: 0 | AB10: 0 | AC10: 0 | AD10: 0 | AE10: 0 | AF10: =SUM(AA10:AE10) -> 0 | AG10: 0 | AH10: 0 | AI10: 0 | AJ10: 0 | AK10: 0 | AL10: =SUM(AG10:AK10) -> 0 | AM10: =H10+N10+T10+Z10+AF10+AL10 -> 1 | AN10: =IF(AM10=0,"Conforme",IF(AM10<=12,"Atenção","Crítico")) -> Atenção
A11: HU09 | B11: [Federal Spending] Como proprietário, quero garantir que o USAspending envie apenas registros de concessão ao meu sistema. | C11: 0 | D11: 0 | E11: 1 | F11: 0 | G11: 0 | H11: =SUM(C11:G11) -> 1 | I11: 0 | J11: 0 | K11: 0 | L11: 0 | M11: 0 | N11: =SUM(I11:M11) -> 0 | O11: 0 | P11: 0 | Q11: 0 | R11: 0 | S11: 0 | T11: =SUM(O11:S11) -> 0 | U11: 0 | V11: 0 | W11: 0 | X11: 1 | Y11: 0 | Z11: =SUM(U11:Y11) -> 1 | AA11: 0 | AB11: 0 | AC11: 0 | AD11: 0 | AE11: 0 | AF11: =SUM(AA11:AE11) -> 0 | AG11: 0 | AH11: 0 | AI11: 0 | AJ11: 0 | AK11: 0 | AL11: =SUM(AG11:AK11) -> 0 | AM11: =H11+N11+T11+Z11+AF11+AL11 -> 2 | AN11: =IF(AM11=0,"Conforme",IF(AM11<=12,"Atenção","Crítico")) -> Atenção
A12: HU10 | B12: [Federal Spending] Como usuário do broker, quero ajudar a criar mockups de conteúdo, para que eu possa enviar meus dados eficientemente. | C12: 0 | D12: 0 | E12: 0 | F12: 1 | G12: 0 | H12: =SUM(C12:G12) -> 1 | I12: 0 | J12: 0 | K12: 0 | L12: 0 | M12: 0 | N12: =SUM(I12:M12) -> 0 | O12: 0 | P12: 0 | Q12: 0 | R12: 0 | S12: 0 | T12: =SUM(O12:S12) -> 0 | U12: 0 | V12: 0 | W12: 0 | X12: 0 | Y12: 0 | Z12: =SUM(U12:Y12) -> 0 | AA12: 0 | AB12: 0 | AC12: 0 | AD12: 0 | AE12: 0 | AF12: =SUM(AA12:AE12) -> 0 | AG12: 0 | AH12: 0 | AI12: 0 | AJ12: 0 | AK12: 0 | AL12: =SUM(AG12:AK12) -> 0 | AM12: =H12+N12+T12+Z12+AF12+AL12 -> 1 | AN12: =IF(AM12=0,"Conforme",IF(AM12<=12,"Atenção","Crítico")) -> Atenção
A13: HU11 | B13: [Recycling] Como usuário, quero inserir meu CEP e obter uma lista de instalações de reciclagem próximas, para que eu possa decidir quais considerar. | C13: 0 | D13: 0 | E13: 0 | F13: 0 | G13: 0 | H13: =SUM(C13:G13) -> 0 | I13: 0 | J13: 0 | K13: 0 | L13: 0 | M13: 0 | N13: =SUM(I13:M13) -> 0 | O13: 0 | P13: 0 | Q13: 0 | R13: 0 | S13: 0 | T13: =SUM(O13:S13) -> 0 | U13: 0 | V13: 0 | W13: 0 | X13: 0 | Y13: 0 | Z13: =SUM(U13:Y13) -> 0 | AA13: 0 | AB13: 0 | AC13: 0 | AD13: 0 | AE13: 0 | AF13: =SUM(AA13:AE13) -> 0 | AG13: 0 | AH13: 0 | AI13: 0 | AJ13: 0 | AK13: 0 | AL13: =SUM(AG13:AK13) -> 0 | AM13: =H13+N13+T13+Z13+AF13+AL13 -> 0 | AN13: =IF(AM13=0,"Conforme",IF(AM13<=12,"Atenção","Crítico")) -> Conforme
A14: HU12 | B14: [Recycling] Como usuário, quero obter o horário de funcionamento de cada instalação de reciclagem, para que eu possa agendar entregas em meus dias de folga ou após o trabalho. | C14: 0 | D14: 0 | E14: 0 | F14: 0 | G14: 0 | H14: =SUM(C14:G14) -> 0 | I14: 0 | J14: 0 | K14: 0 | L14: 0 | M14: 0 | N14: =SUM(I14:M14) -> 0 | O14: 0 | P14: 0 | Q14: 0 | R14: 0 | S14: 0 | T14: =SUM(O14:S14) -> 0 | U14: 0 | V14: 0 | W14: 0 | X14: 0 | Y14: 0 | Z14: =SUM(U14:Y14) -> 0 | AA14: 0 | AB14: 0 | AC14: 0 | AD14: 0 | AE14: 0 | AF14: =SUM(AA14:AE14) -> 0 | AG14: 0 | AH14: 0 | AI14: 0 | AJ14: 0 | AK14: 0 | AL14: =SUM(AG14:AK14) -> 0 | AM14: =H14+N14+T14+Z14+AF14+AL14 -> 0 | AN14: =IF(AM14=0,"Conforme",IF(AM14<=12,"Atenção","Crítico")) -> Conforme
... A32: HU30 | B32: [Planning Poker] Como Mike, quero ver algumas métricas sobre o uso do jogo, para ver o quanto ele está sendo utilizado. | C32: 0 | D32: 0 | E32: 0 | F32: 0 | G32: 0 | H32: =SUM(C32:G32) -> 0 | I32: 0 | J32: 0 | K32: 0 | L32: 0 | M32: 0 | N32: =SUM(I32:M32) -> 0 | O32: 0 | P32: 0 | Q32: 0 | R32: 0 | S32: 1 | T32: =SUM(O32:S32) -> 1 | U32: 0 | V32: 0 | W32: 0 | X32: 0 | Y32: 0 | Z32: =SUM(U32:Y32) -> 0 | AA32: 0 | AB32: 0 | AC32: 0 | AD32: 0 | AE32: 0 | AF32: =SUM(AA32:AE32) -> 0 | AG32: 0 | AH32: 0 | AI32: 0 | AJ32: 0 | AK32: 0 | AL32: =SUM(AG32:AK32) -> 0 | AM32: =H32+N32+T32+Z32+AF32+AL32 -> 1 | AN32: =IF(AM32=0,"Conforme",IF(AM32<=12,"Atenção","Crítico")) -> Atenção

Sheet Gemini_FewShot
A1: Avaliação de Requirements Smells — Gemini FewShot
A2: HU | B2: Descrição | C2: I-1 | D2: I-2 | E2: I-3 | F2: I-4 | G2: I-5 | H2: I_Count | I2: N-1 | J2: N-2 | K2: N-3 | L2: N-4 | M2: N-5 | N2: N_Count | O2: V-1 | P2: V-2 | Q2: V-3 | R2: V-4 | S2: V-5 | T2: V_Count | U2: E-1 | V2: E-2 | W2: E-3 | X2: E-4 | Y2: E-5 | Z2: E_Count | AA2: S-1 | AB2: S-2 | AC2: S-3 | AD2: S-4 | AE2: S-5 | AF2: S_Count | AG2: T-1 | AH2: T-2 | AI2: T-3 | AJ2: T-4 | AK2: T-5 | AL2: T_Count | AM2: Total_Smells | AN2: Nível
A3: HU01 | B3: [Federal Spending] Como usuário, quero que o botão de publicar no FABS seja desativado após clicar, enquanto as derivações acontecem, para que eu não possa clicar múltiplas vezes na mesma submissão. | C3: 0 | D3: 0 | E3: 0 | F3: 0 | G3: 0 | H3: =SUM(C3:G3) -> 0 | I3: 0 | J3: 1 | K3: 0 | L3: 0 | M3: 1 | N3: =SUM(I3:M3) -> 2 | O3: 0 | P3: 0 | Q3: 0 | R3: 0 | S3: 0 | T3: =SUM(O3:S3) -> 0 | U3: 0 | V3: 0 | W3: 0 | X3: 0 | Y3: 0 | Z3: =SUM(U3:Y3) -> 0 | AA3: 0 | AB3: 0 | AC3: 0 | AD3: 0 | AE3: 0 | AF3: =SUM(AA3:AE3) -> 0 | AG3: 1 | AH3: 1 | AI3: 1 | AJ3: 0 | AK3: 0 | AL3: =SUM(AG3:AK3) -> 3 | AM3: =H3+N3+T3+Z3+AF3+AL3 -> 5 | AN3: =IF(AM3=0,"Conforme",IF(AM3<=12,"Atenção","Crítico")) -> Atenção
A4: HU02 | B4: [Federal Spending] Como usuário de agência, quero enviar meus dados com campos cercados por aspas, para que o Excel não remova zeros à esquerda ou à direita. | C4: 0 | D4: 0 | E4: 0 | F4: 0 | G4: 0 | H4: =SUM(C4:G4) -> 0 | I4: 0 | J4: 0 | K4: 1 | L4: 0 | M4: 0 | N4: =SUM(I4:M4) -> 1 | O4: 0 | P4: 0 | Q4: 0 | R4: 0 | S4: 0 | T4: =SUM(O4:S4) -> 0 | U4: 0 | V4: 0 | W4: 0 | X4: 0 | Y4: 0 | Z4: =SUM(U4:Y4) -> 0 | AA4: 0 | AB4: 0 | AC4: 0 | AD4: 0 | AE4: 0 | AF4: =SUM(AA4:AE4) -> 0 | AG4: 1 | AH4: 0 | AI4: 1 | AJ4: 1 | AK4: 1 | AL4: =SUM(AG4:AK4) -> 4 | AM4: =H4+N4+T4+Z4+AF4+AL4 -> 5 | AN4: =IF(AM4=0,"Conforme",IF(AM4<=12,"Atenção","Crítico")) -> Atenção
A5: HU03 | B5: [Federal Spending] Como usuário do site, quero acessar os arquivos publicados pelo FABS, para que eu possa ver os novos arquivos conforme chegam. | C5: 0 | D5: 0 | E5: 0 | F5: 0 | G5: 0 | H5: =SUM(C5:G5) -> 0 | I5: 0 | J5: 0 | K5: 0 | L5: 0 | M5: 0 | N5: =SUM(I5:M5) -> 0 | O5: 0 | P5: 0 | Q5: 0 | R5: 0 | S5: 1 | T5: =SUM(O5:S5) -> 1 | U5: 0 | V5: 0 | W5: 0 | X5: 0 | Y5: 0 | Z5: =SUM(U5:Y5) -> 0 | AA5: 0 | AB5: 0 | AC5: 0 | AD5: 0 | AE5: 0 | AF5: =SUM(AA5:AE5) -> 0 | AG5: 1 | AH5: 0 | AI5: 1 | AJ5: 1 | AK5: 1 | AL5: =SUM(AG5:AK5) -> 4 | AM5: =H5+N5+T5+Z5+AF5+AL5 -> 5 | AN5: =IF(AM5=0,"Conforme",IF(AM5<=12,"Atenção","Crítico")) -> Atenção
A6: HU04 | B6: [Federal Spending] Como usuário da agência, quero receber um erro de arquivo mais útil ao enviar um arquivo com extensão incorreta. | C6: 0 | D6: 0 | E6: 0 | F6: 0 | G6: 0 | H6: =SUM(C6:G6) -> 0 | I6: 0 | J6: 0 | K6: 0 | L6: 0 | M6: 0 | N6: =SUM(I6:M6) -> 0 | O6: 1 | P6: 0 | Q6: 0 | R6: 0 | S6: 0 | T6: =SUM(O6:S6) -> 1 | U6: 0 | V6: 0 | W6: 0 | X6: 0 | Y6: 0 | Z6: =SUM(U6:Y6) -> 0 | AA6: 0 | AB6: 0 | AC6: 0 | AD6: 0 | AE6: 0 | AF6: =SUM(AA6:AE6) -> 0 | AG6: 1 | AH6: 0 | AI6: 1 | AJ6: 1 | AK6: 1 | AL6: =SUM(AG6:AK6) -> 4 | AM6: =H6+N6+T6+Z6+AF6+AL6 -> 5 | AN6: =IF(AM6=0,"Conforme",IF(AM6<=12,"Atenção","Crítico")) -> Atenção
A7: HU05 | B7: [Federal Spending] Como desenvolvedor, quero que as requisições de geração de arquivos D sejam gerenciadas e armazenadas em cache, para que requisições duplicadas não causem problemas de desempenho. | C7: 0 | D7: 0 | E7: 0 | F7: 0 | G7: 1 | H7: =SUM(C7:G7) -> 1 | I7: 0 | J7: 0 | K7: 0 | L7: 1 | M7: 0 | N7: =SUM(I7:M7) -> 1 | O7: 0 | P7: 1 | Q7: 0 | R7: 0 | S7: 0 | T7: =SUM(O7:S7) -> 1 | U7: 0 | V7: 0 | W7: 0 | X7: 0 | Y7: 0 | Z7: =SUM(U7:Y7) -> 0 | AA7: 0 | AB7: 0 | AC7: 0 | AD7: 0 | AE7: 0 | AF7: =SUM(AA7:AE7) -> 0 | AG7: 1 | AH7: 1 | AI7: 1 | AJ7: 1 | AK7: 1 | AL7: =SUM(AG7:AK7) -> 5 | AM7: =H7+N7+T7+Z7+AF7+AL7 -> 8 | AN7: =IF(AM7=0,"Conforme",IF(AM7<=12,"Atenção","Crítico")) -> Atenção
A8: HU06 | B8: [Federal Spending] Como usuário de agência, quero incluir um grande número de campos flexíveis sem impacto no desempenho. | C8: 0 | D8: 0 | E8: 0 | F8: 0 | G8: 0 | H8: =SUM(C8:G8) -> 0 | I8: 0 | J8: 0 | K8: 0 | L8: 0 | M8: 0 | N8: =SUM(I8:M8) -> 0 | O8: 1 | P8: 0 | Q8: 0 | R8: 0 | S8: 0 | T8: =SUM(O8:S8) -> 1 | U8: 1 | V8: 1 | W8: 0 | X8: 0 | Y8: 0 | Z8: =SUM(U8:Y8) -> 2 | AA8: 0 | AB8: 0 | AC8: 0 | AD8: 0 | AE8: 0 | AF8: =SUM(AA8:AE8) -> 0 | AG8: 1 | AH8: 1 | AI8: 1 | AJ8: 1 | AK8: 1 | AL8: =SUM(AG8:AK8) -> 5 | AM8: =H8+N8+T8+Z8+AF8+AL8 -> 8 | AN8: =IF(AM8=0,"Conforme",IF(AM8<=12,"Atenção","Crítico")) -> Atenção
A9: HU07 | B9: [Federal Spending] Como desenvolvedor, quero atualizar a tabela de regras de validação do Broker para contemplar as atualizações de regras do DB-2213. | C9: 1 | D9: 0 | E9: 0 | F9: 0 | G9: 0 | H9: =SUM(C9:G9) -> 1 | I9: 0 | J9: 0 | K9: 0 | L9: 0 | M9: 0 | N9: =SUM(I9:M9) -> 0 | O9: 1 | P9: 1 | Q9: 0 | R9: 0 | S9: 0 | T9: =SUM(O9:S9) -> 2 | U9: 0 | V9: 0 | W9: 0 | X9: 0 | Y9: 0 | Z9: =SUM(U9:Y9) -> 0 | AA9: 0 | AB9: 0 | AC9: 0 | AD9: 0 | AE9: 0 | AF9: =SUM(AA9:AE9) -> 0 | AG9: 1 | AH9: 0 | AI9: 1 | AJ9: 1 | AK9: 1 | AL9: =SUM(AG9:AK9) -> 4 | AM9: =H9+N9+T9+Z9+AF9+AL9 -> 7 | AN9: =IF(AM9=0,"Conforme",IF(AM9<=12,"Atenção","Crítico")) -> Atenção
A10: HU08 | B10: [Federal Spending] Como usuário do site, quero ver dados de assistência financeira atualizados diariamente. | C10: 0 | D10: 0 | E10: 0 | F10: 0 | G10: 0 | H10: =SUM(C10:G10) -> 0 | I10: 0 | J10: 0 | K10: 0 | L10: 0 | M10: 0 | N10: =SUM(I10:M10) -> 0 | O10: 1 | P10: 0 | Q10: 0 | R10: 0 | S10: 0 | T10: =SUM(O10:S10) -> 1 | U10: 0 | V10: 0 | W10: 1 | X10: 0 | Y10: 0 | Z10: =SUM(U10:Y10) -> 1 | AA10: 0 | AB10: 0 | AC10: 0 | AD10: 0 | AE10: 0 | AF10: =SUM(AA10:AE10) -> 0 | AG10: 1 | AH10: 0 | AI10: 1 | AJ10: 1 | AK10: 1 | AL10: =SUM(AG10:AK10) -> 4 | AM10: =H10+N10+T10+Z10+AF10+AL10 -> 6 | AN10: =IF(AM10=0,"Conforme",IF(AM10<=12,"Atenção","Crítico")) -> Atenção
A11: HU09 | B11: [Federal Spending] Como proprietário, quero garantir que o USAspending envie apenas registros de concessão ao meu sistema. | C11: 0 | D11: 0 | E11: 1 | F11: 0 | G11: 0 | H11: =SUM(C11:G11) -> 1 | I11: 0 | J11: 0 | K11: 0 | L11: 0 | M11: 0 | N11: =SUM(I11:M11) -> 0 | O11: 1 | P11: 0 | Q11: 0 | R11: 0 | S11: 0 | T11: =SUM(O11:S11) -> 1 | U11: 0 | V11: 0 | W11: 0 | X11: 1 | Y11: 0 | Z11: =SUM(U11:Y11) -> 1 | AA11: 0 | AB11: 0 | AC11: 0 | AD11: 0 | AE11: 0 | AF11: =SUM(AA11:AE11) -> 0 | AG11: 1 | AH11: 0 | AI11: 1 | AJ11: 1 | AK11: 1 | AL11: =SUM(AG11:AK11) -> 4 | AM11: =H11+N11+T11+Z11+AF11+AL11 -> 7 | AN11: =IF(AM11=0,"Conforme",IF(AM11<=12,"Atenção","Crítico")) -> Atenção
A12: HU10 | B12: [Federal Spending] Como usuário do broker, quero ajudar a criar mockups de conteúdo, para que eu possa enviar meus dados eficientemente. | C12: 0 | D12: 0 | E12: 0 | F12: 1 | G12: 0 | H12: =SUM(C12:G12) -> 1 | I12: 0 | J12: 0 | K12: 0 | L12: 0 | M12: 0 | N12: =SUM(I12:M12) -> 0 | O12: 0 | P12: 0 | Q12: 0 | R12: 0 | S12: 0 | T12: =SUM(O12:S12) -> 0 | U12: 1 | V12: 0 | W12: 0 | X12: 0 | Y12: 0 | Z12: =SUM(U12:Y12) -> 1 | AA12: 0 | AB12: 0 | AC12: 0 | AD12: 0 | AE12: 0 | AF12: =SUM(AA12:AE12) -> 0 | AG12: 1 | AH12: 1 | AI12: 1 | AJ12: 1 | AK12: 1 | AL12: =SUM(AG12:AK12) -> 5 | AM12: =H12+N12+T12+Z12+AF12+AL12 -> 7 | AN12: =IF(AM12=0,"Conforme",IF(AM12<=12,"Atenção","Crítico")) -> Atenção
A13: HU11 | B13: [Recycling] Como usuário, quero inserir meu CEP e obter uma lista de instalações de reciclagem próximas, para que eu possa decidir quais considerar. | C13: 0 | D13: 0 | E13: 0 | F13: 0 | G13: 0 | H13: =SUM(C13:G13) -> 0 | I13: 0 | J13: 0 | K13: 0 | L13: 0 | M13: 0 | N13: =SUM(I13:M13) -> 0 | O13: 0 | P13: 0 | Q13: 1 | R13: 0 | S13: 0 | T13: =SUM(O13:S13) -> 1 | U13: 1 | V13: 0 | W13: 0 | X13: 0 | Y13: 0 | Z13: =SUM(U13:Y13) -> 1 | AA13: 1 | AB13: 0 | AC13: 0 | AD13: 0 | AE13: 0 | AF13: =SUM(AA13:AE13) -> 1 | AG13: 1 | AH13: 1 | AI13: 1 | AJ13: 1 | AK13: 1 | AL13: =SUM(AG13:AK13) -> 5 | AM13: =H13+N13+T13+Z13+AF13+AL13 -> 8 | AN13: =IF(AM13=0,"Conforme",IF(AM13<=12,"Atenção","Crítico")) -> Atenção
A14: HU12 | B14: [Recycling] Como usuário, quero obter o horário de funcionamento de cada instalação de reciclagem, para que eu possa agendar entregas em meus dias de folga ou após o trabalho. | C14: 0 | D14: 0 | E14: 0 | F14: 0 | G14: 0 | H14: =SUM(C14:G14) -> 0 | I14: 0 | J14: 0 | K14: 0 | L14: 0 | M14: 0 | N14: =SUM(I14:M14) -> 0 | O14: 0 | P14: 0 | Q14: 0 | R14: 0 | S14: 0 | T14: =SUM(O14:S14) -> 0 | U14: 0 | V14: 0 | W14: 0 | X14: 0 | Y14: 0 | Z14: =SUM(U14:Y14) -> 0 | AA14: 0 | AB14: 0 | AC14: 0 | AD14: 0 | AE14: 0 | AF14: =SUM(AA14:AE14) -> 0 | AG14: 1 | AH14: 0 | AI14: 1 | AJ14: 1 | AK14: 1 | AL14: =SUM(AG14:AK14) -> 4 | AM14: =H14+N14+T14+Z14+AF14+AL14 -> 4 | AN14: =IF(AM14=0,"Conforme",IF(AM14<=12,"Atenção","Crítico")) -> Atenção
... A32: HU30 | B32: [Planning Poker] Como Mike, quero ver algumas métricas sobre o uso do jogo, para ver o quanto ele está sendo utilizado. | C32: 0 | D32: 0 | E32: 0 | F32: 0 | G32: 0 | H32: =SUM(C32:G32) -> 0 | I32: 0 | J32: 0 | K32: 0 | L32: 0 | M32: 0 | N32: =SUM(I32:M32) -> 0 | O32: 0 | P32: 0 | Q32: 0 | R32: 0 | S32: 0 | T32: =SUM(O32:S32) -> 0 | U32: 1 | V32: 1 | W32: 0 | X32: 0 | Y32: 0 | Z32: =SUM(U32:Y32) -> 2 | AA32: 0 | AB32: 0 | AC32: 0 | AD32: 0 | AE32: 0 | AF32: =SUM(AA32:AE32) -> 0 | AG32: 1 | AH32: 0 | AI32: 1 | AJ32: 1 | AK32: 1 | AL32: =SUM(AG32:AK32) -> 4 | AM32: =H32+N32+T32+Z32+AF32+AL32 -> 6 | AN32: =IF(AM32=0,"Conforme",IF(AM32<=12,"Atenção","Crítico")) -> Atenção

Sheet Gemini_CoT
A1: Avaliação de Requirements Smells — Gemini CoT
A2: HU | B2: Descrição | C2: I-1 | D2: I-2 | E2: I-3 | F2: I-4 | G2: I-5 | H2: I_Count | I2: N-1 | J2: N-2 | K2: N-3 | L2: N-4 | M2: N-5 | N2: N_Count | O2: V-1 | P2: V-2 | Q2: V-3 | R2: V-4 | S2: V-5 | T2: V_Count | U2: E-1 | V2: E-2 | W2: E-3 | X2: E-4 | Y2: E-5 | Z2: E_Count | AA2: S-1 | AB2: S-2 | AC2: S-3 | AD2: S-4 | AE2: S-5 | AF2: S_Count | AG2: T-1 | AH2: T-2 | AI2: T-3 | AJ2: T-4 | AK2: T-5 | AL2: T_Count | AM2: Total_Smells | AN2: Nível
A3: HU01 | B3: [Federal Spending] Como usuário, quero que o botão de publicar no FABS seja desativado após clicar, enquanto as derivações acontecem, para que eu não possa clicar múltiplas vezes na mesma submissão. | C3: 0 | D3: 0 | E3: 0 | F3: 0 | G3: 0 | H3: =SUM(C3:G3) -> 0 | I3: 0 | J3: 0 | K3: 0 | L3: 0 | M3: 0 | N3: =SUM(I3:M3) -> 0 | O3: 0 | P3: 0 | Q3: 0 | R3: 0 | S3: 0 | T3: =SUM(O3:S3) -> 0 | U3: 0 | V3: 0 | W3: 0 | X3: 0 | Y3: 0 | Z3: =SUM(U3:Y3) -> 0 | AA3: 0 | AB3: 0 | AC3: 0 | AD3: 0 | AE3: 0 | AF3: =SUM(AA3:AE3) -> 0 | AG3: 0 | AH3: 0 | AI3: 0 | AJ3: 0 | AK3: 0 | AL3: =SUM(AG3:AK3) -> 0 | AM3: =H3+N3+T3+Z3+AF3+AL3 -> 0 | AN3: =IF(AM3=0,"Conforme",IF(AM3<=12,"Atenção","Crítico")) -> Conforme
A4: HU02 | B4: [Federal Spending] Como usuário de agência, quero enviar meus dados com campos cercados por aspas, para que o Excel não remova zeros à esquerda ou à direita. | C4: 0 | D4: 0 | E4: 0 | F4: 0 | G4: 0 | H4: =SUM(C4:G4) -> 0 | I4: 0 | J4: 0 | K4: 1 | L4: 0 | M4: 0 | N4: =SUM(I4:M4) -> 1 | O4: 0 | P4: 0 | Q4: 0 | R4: 0 | S4: 0 | T4: =SUM(O4:S4) -> 0 | U4: 0 | V4: 0 | W4: 0 | X4: 0 | Y4: 0 | Z4: =SUM(U4:Y4) -> 0 | AA4: 0 | AB4: 0 | AC4: 0 | AD4: 0 | AE4: 0 | AF4: =SUM(AA4:AE4) -> 0 | AG4: 0 | AH4: 0 | AI4: 0 | AJ4: 0 | AK4: 0 | AL4: =SUM(AG4:AK4) -> 0 | AM4: =H4+N4+T4+Z4+AF4+AL4 -> 1 | AN4: =IF(AM4=0,"Conforme",IF(AM4<=12,"Atenção","Crítico")) -> Atenção
A5: HU03 | B5: [Federal Spending] Como usuário do site, quero acessar os arquivos publicados pelo FABS, para que eu possa ver os novos arquivos conforme chegam. | C5: 0 | D5: 0 | E5: 0 | F5: 0 | G5: 0 | H5: =SUM(C5:G5) -> 0 | I5: 0 | J5: 0 | K5: 0 | L5: 0 | M5: 0 | N5: =SUM(I5:M5) -> 0 | O5: 0 | P5: 0 | Q5: 0 | R5: 0 | S5: 0 | T5: =SUM(O5:S5) -> 0 | U5: 0 | V5: 0 | W5: 0 | X5: 0 | Y5: 0 | Z5: =SUM(U5:Y5) -> 0 | AA5: 0 | AB5: 0 | AC5: 0 | AD5: 0 | AE5: 0 | AF5: =SUM(AA5:AE5) -> 0 | AG5: 0 | AH5: 0 | AI5: 0 | AJ5: 0 | AK5: 0 | AL5: =SUM(AG5:AK5) -> 0 | AM5: =H5+N5+T5+Z5+AF5+AL5 -> 0 | AN5: =IF(AM5=0,"Conforme",IF(AM5<=12,"Atenção","Crítico")) -> Conforme
A6: HU04 | B6: [Federal Spending] Como usuário da agência, quero receber um erro de arquivo mais útil ao enviar um arquivo com extensão incorreta. | C6: 0 | D6: 0 | E6: 0 | F6: 0 | G6: 0 | H6: =SUM(C6:G6) -> 0 | I6: 0 | J6: 0 | K6: 0 | L6: 0 | M6: 0 | N6: =SUM(I6:M6) -> 0 | O6: 1 | P6: 0 | Q6: 0 | R6: 0 | S6: 0 | T6: =SUM(O6:S6) -> 1 | U6: 0 | V6: 0 | W6: 0 | X6: 0 | Y6: 0 | Z6: =SUM(U6:Y6) -> 0 | AA6: 0 | AB6: 0 | AC6: 0 | AD6: 0 | AE6: 0 | AF6: =SUM(AA6:AE6) -> 0 | AG6: 0 | AH6: 0 | AI6: 0 | AJ6: 0 | AK6: 0 | AL6: =SUM(AG6:AK6) -> 0 | AM6: =H6+N6+T6+Z6+AF6+AL6 -> 1 | AN6: =IF(AM6=0,"Conforme",IF(AM6<=12,"Atenção","Crítico")) -> Atenção
A7: HU05 | B7: [Federal Spending] Como desenvolvedor, quero que as requisições de geração de arquivos D sejam gerenciadas e armazenadas em cache, para que requisições duplicadas não causem problemas de desempenho. | C7: 0 | D7: 0 | E7: 0 | F7: 0 | G7: 1 | H7: =SUM(C7:G7) -> 1 | I7: 0 | J7: 0 | K7: 0 | L7: 1 | M7: 0 | N7: =SUM(I7:M7) -> 1 | O7: 0 | P7: 0 | Q7: 0 | R7: 0 | S7: 0 | T7: =SUM(O7:S7) -> 0 | U7: 0 | V7: 0 | W7: 0 | X7: 0 | Y7: 0 | Z7: =SUM(U7:Y7) -> 0 | AA7: 0 | AB7: 0 | AC7: 0 | AD7: 0 | AE7: 0 | AF7: =SUM(AA7:AE7) -> 0 | AG7: 0 | AH7: 0 | AI7: 0 | AJ7: 0 | AK7: 0 | AL7: =SUM(AG7:AK7) -> 0 | AM7: =H7+N7+T7+Z7+AF7+AL7 -> 2 | AN7: =IF(AM7=0,"Conforme",IF(AM7<=12,"Atenção","Crítico")) -> Atenção
A8: HU06 | B8: [Federal Spending] Como usuário de agência, quero incluir um grande número de campos flexíveis sem impacto no desempenho. | C8: 0 | D8: 0 | E8: 0 | F8: 0 | G8: 0 | H8: =SUM(C8:G8) -> 0 | I8: 0 | J8: 0 | K8: 0 | L8: 0 | M8: 0 | N8: =SUM(I8:M8) -> 0 | O8: 0 | P8: 0 | Q8: 0 | R8: 0 | S8: 0 | T8: =SUM(O8:S8) -> 0 | U8: 1 | V8: 0 | W8: 0 | X8: 0 | Y8: 1 | Z8: =SUM(U8:Y8) -> 2 | AA8: 0 | AB8: 0 | AC8: 0 | AD8: 0 | AE8: 0 | AF8: =SUM(AA8:AE8) -> 0 | AG8: 0 | AH8: 1 | AI8: 0 | AJ8: 0 | AK8: 0 | AL8: =SUM(AG8:AK8) -> 1 | AM8: =H8+N8+T8+Z8+AF8+AL8 -> 3 | AN8: =IF(AM8=0,"Conforme",IF(AM8<=12,"Atenção","Crítico")) -> Atenção
A9: HU07 | B9: [Federal Spending] Como desenvolvedor, quero atualizar a tabela de regras de validação do Broker para contemplar as atualizações de regras do DB-2213. | C9: 1 | D9: 0 | E9: 0 | F9: 0 | G9: 0 | H9: =SUM(C9:G9) -> 1 | I9: 0 | J9: 0 | K9: 0 | L9: 0 | M9: 0 | N9: =SUM(I9:M9) -> 0 | O9: 0 | P9: 0 | Q9: 0 | R9: 0 | S9: 0 | T9: =SUM(O9:S9) -> 0 | U9: 0 | V9: 0 | W9: 0 | X9: 0 | Y9: 0 | Z9: =SUM(U9:Y9) -> 0 | AA9: 0 | AB9: 0 | AC9: 0 | AD9: 0 | AE9: 0 | AF9: =SUM(AA9:AE9) -> 0 | AG9: 0 | AH9: 0 | AI9: 0 | AJ9: 0 | AK9: 0 | AL9: =SUM(AG9:AK9) -> 0 | AM9: =H9+N9+T9+Z9+AF9+AL9 -> 1 | AN9: =IF(AM9=0,"Conforme",IF(AM9<=12,"Atenção","Crítico")) -> Atenção
A10: HU08 | B10: [Federal Spending] Como usuário do site, quero ver dados de assistência financeira atualizados diariamente. | C10: 0 | D10: 0 | E10: 0 | F10: 0 | G10: 0 | H10: =SUM(C10:G10) -> 0 | I10: 0 | J10: 0 | K10: 0 | L10: 0 | M10: 0 | N10: =SUM(I10:M10) -> 0 | O10: 0 | P10: 0 | Q10: 0 | R10: 0 | S10: 0 | T10: =SUM(O10:S10) -> 0 | U10: 0 | V10: 0 | W10: 1 | X10: 0 | Y10: 0 | Z10: =SUM(U10:Y10) -> 1 | AA10: 0 | AB10: 0 | AC10: 0 | AD10: 0 | AE10: 0 | AF10: =SUM(AA10:AE10) -> 0 | AG10: 0 | AH10: 0 | AI10: 0 | AJ10: 0 | AK10: 0 | AL10: =SUM(AG10:AK10) -> 0 | AM10: =H10+N10+T10+Z10+AF10+AL10 -> 1 | AN10: =IF(AM10=0,"Conforme",IF(AM10<=12,"Atenção","Crítico")) -> Atenção
A11: HU09 | B11: [Federal Spending] Como proprietário, quero garantir que o USAspending envie apenas registros de concessão ao meu sistema. | C11: 0 | D11: 0 | E11: 1 | F11: 0 | G11: 0 | H11: =SUM(C11:G11) -> 1 | I11: 0 | J11: 0 | K11: 0 | L11: 0 | M11: 0 | N11: =SUM(I11:M11) -> 0 | O11: 0 | P11: 0 | Q11: 0 | R11: 0 | S11: 0 | T11: =SUM(O11:S11) -> 0 | U11: 0 | V11: 0 | W11: 0 | X11: 1 | Y11: 0 | Z11: =SUM(U11:Y11) -> 1 | AA11: 0 | AB11: 0 | AC11: 0 | AD11: 0 | AE11: 0 | AF11: =SUM(AA11:AE11) -> 0 | AG11: 0 | AH11: 0 | AI11: 0 | AJ11: 0 | AK11: 0 | AL11: =SUM(AG11:AK11) -> 0 | AM11: =H11+N11+T11+Z11+AF11+AL11 -> 2 | AN11: =IF(AM11=0,"Conforme",IF(AM11<=12,"Atenção","Crítico")) -> Atenção
A12: HU10 | B12: [Federal Spending] Como usuário do broker, quero ajudar a criar mockups de conteúdo, para que eu possa enviar meus dados eficientemente. | C12: 0 | D12: 0 | E12: 0 | F12: 1 | G12: 0 | H12: =SUM(C12:G12) -> 1 | I12: 0 | J12: 0 | K12: 0 | L12: 0 | M12: 0 | N12: =SUM(I12:M12) -> 0 | O12: 0 | P12: 0 | Q12: 0 | R12: 0 | S12: 0 | T12: =SUM(O12:S12) -> 0 | U12: 0 | V12: 0 | W12: 0 | X12: 0 | Y12: 0 | Z12: =SUM(U12:Y12) -> 0 | AA12: 0 | AB12: 0 | AC12: 0 | AD12: 0 | AE12: 0 | AF12: =SUM(AA12:AE12) -> 0 | AG12: 0 | AH12: 0 | AI12: 0 | AJ12: 0 | AK12: 0 | AL12: =SUM(AG12:AK12) -> 0 | AM12: =H12+N12+T12+Z12+AF12+AL12 -> 1 | AN12: =IF(AM12=0,"Conforme",IF(AM12<=12,"Atenção","Crítico")) -> Atenção
A13: HU11 | B13: [Recycling] Como usuário, quero inserir meu CEP e obter uma lista de instalações de reciclagem próximas, para que eu possa decidir quais considerar. | C13: 0 | D13: 0 | E13: 0 | F13: 0 | G13: 0 | H13: =SUM(C13:G13) -> 0 | I13: 0 | J13: 0 | K13: 0 | L13: 0 | M13: 0 | N13: =SUM(I13:M13) -> 0 | O13: 0 | P13: 0 | Q13: 0 | R13: 0 | S13: 0 | T13: =SUM(O13:S13) -> 0 | U13: 0 | V13: 0 | W13: 0 | X13: 0 | Y13: 0 | Z13: =SUM(U13:Y13) -> 0 | AA13: 0 | AB13: 0 | AC13: 0 | AD13: 0 | AE13: 0 | AF13: =SUM(AA13:AE13) -> 0 | AG13: 0 | AH13: 0 | AI13: 0 | AJ13: 0 | AK13: 0 | AL13: =SUM(AG13:AK13) -> 0 | AM13: =H13+N13+T13+Z13+AF13+AL13 -> 0 | AN13: =IF(AM13=0,"Conforme",IF(AM13<=12,"Atenção","Crítico")) -> Conforme
A14: HU12 | B14: [Recycling] Como usuário, quero obter o horário de funcionamento de cada instalação de reciclagem, para que eu possa agendar entregas em meus dias de folga ou após o trabalho. | C14: 0 | D14: 0 | E14: 0 | F14: 0 | G14: 0 | H14: =SUM(C14:G14) -> 0 | I14: 0 | J14: 0 | K14: 0 | L14: 0 | M14: 0 | N14: =SUM(I14:M14) -> 0 | O14: 0 | P14: 0 | Q14: 0 | R14: 0 | S14: 0 | T14: =SUM(O14:S14) -> 0 | U14: 0 | V14: 0 | W14: 0 | X14: 0 | Y14: 0 | Z14: =SUM(U14:Y14) -> 0 | AA14: 0 | AB14: 0 | AC14: 0 | AD14: 0 | AE14: 0 | AF14: =SUM(AA14:AE14) -> 0 | AG14: 0 | AH14: 0 | AI14: 0 | AJ14: 0 | AK14: 0 | AL14: =SUM(AG14:AK14) -> 0 | AM14: =H14+N14+T14+Z14+AF14+AL14 -> 0 | AN14: =IF(AM14=0,"Conforme",IF(AM14<=12,"Atenção","Crítico")) -> Conforme
... A32: HU30 | B32: [Planning Poker] Como Mike, quero ver algumas métricas sobre o uso do jogo, para ver o quanto ele está sendo utilizado. | C32: 0 | D32: 0 | E32: 0 | F32: 0 | G32: 0 | H32: =SUM(C32:G32) -> 0 | I32: 0 | J32: 0 | K32: 0 | L32: 0 | M32: 0 | N32: =SUM(I32:M32) -> 0 | O32: 0 | P32: 0 | Q32: 0 | R32: 0 | S32: 1 | T32: =SUM(O32:S32) -> 1 | U32: 0 | V32: 0 | W32: 0 | X32: 0 | Y32: 0 | Z32: =SUM(U32:Y32) -> 0 | AA32: 0 | AB32: 0 | AC32: 0 | AD32: 0 | AE32: 0 | AF32: =SUM(AA32:AE32) -> 0 | AG32: 0 | AH32: 0 | AI32: 0 | AJ32: 0 | AK32: 0 | AL32: =SUM(AG32:AK32) -> 0 | AM32: =H32+N32+T32+Z32+AF32+AL32 -> 1 | AN32: =IF(AM32=0,"Conforme",IF(AM32<=12,"Atenção","Crítico")) -> Atenção

Sheet Claude_ZeroShot
A1: Avaliação de Requirements Smells — Claude ZeroShot
A2: HU | B2: Descrição | C2: I-1 | D2: I-2 | E2: I-3 | F2: I-4 | G2: I-5 | H2: I_Count | I2: N-1 | J2: N-2 | K2: N-3 | L2: N-4 | M2: N-5 | N2: N_Count | O2: V-1 | P2: V-2 | Q2: V-3 | R2: V-4 | S2: V-5 | T2: V_Count | U2: E-1 | V2: E-2 | W2: E-3 | X2: E-4 | Y2: E-5 | Z2: E_Count | AA2: S-1 | AB2: S-2 | AC2: S-3 | AD2: S-4 | AE2: S-5 | AF2: S_Count | AG2: T-1 | AH2: T-2 | AI2: T-3 | AJ2: T-4 | AK2: T-5 | AL2: T_Count | AM2: Total_Smells | AN2: Nível
A3: HU01 | B3: [Federal Spending] Como usuário, quero que o botão de publicar no FABS seja desativado após clicar, enquanto as derivações acontecem, para que eu não possa clicar múltiplas vezes na mesma submissão. | C3: 0 | D3: 0 | E3: 0 | F3: 0 | G3: 0 | H3: =SUM(C3:G3) -> 0 | I3: 0 | J3: 0 | K3: 0 | L3: 0 | M3: 0 | N3: =SUM(I3:M3) -> 0 | O3: 0 | P3: 0 | Q3: 0 | R3: 0 | S3: 0 | T3: =SUM(O3:S3) -> 0 | U3: 0 | V3: 0 | W3: 1 | X3: 0 | Y3: 0 | Z3: =SUM(U3:Y3) -> 1 | AA3: 0 | AB3: 0 | AC3: 0 | AD3: 0 | AE3: 0 | AF3: =SUM(AA3:AE3) -> 0 | AG3: 1 | AH3: 0 | AI3: 1 | AJ3: 1 | AK3: 0 | AL3: =SUM(AG3:AK3) -> 3 | AM3: =H3+N3+T3+Z3+AF3+AL3 -> 4 | AN3: =IF(AM3=0,"Conforme",IF(AM3<=12,"Atenção","Crítico")) -> Atenção
A4: HU02 | B4: [Federal Spending] Como usuário de agência, quero enviar meus dados com campos cercados por aspas, para que o Excel não remova zeros à esquerda ou à direita. | C4: 0 | D4: 0 | E4: 0 | F4: 0 | G4: 0 | H4: =SUM(C4:G4) -> 0 | I4: 0 | J4: 0 | K4: 1 | L4: 0 | M4: 0 | N4: =SUM(I4:M4) -> 1 | O4: 0 | P4: 0 | Q4: 0 | R4: 0 | S4: 0 | T4: =SUM(O4:S4) -> 0 | U4: 0 | V4: 0 | W4: 0 | X4: 0 | Y4: 0 | Z4: =SUM(U4:Y4) -> 0 | AA4: 0 | AB4: 0 | AC4: 0 | AD4: 0 | AE4: 0 | AF4: =SUM(AA4:AE4) -> 0 | AG4: 1 | AH4: 0 | AI4: 1 | AJ4: 1 | AK4: 1 | AL4: =SUM(AG4:AK4) -> 4 | AM4: =H4+N4+T4+Z4+AF4+AL4 -> 5 | AN4: =IF(AM4=0,"Conforme",IF(AM4<=12,"Atenção","Crítico")) -> Atenção
A5: HU03 | B5: [Federal Spending] Como usuário do site, quero acessar os arquivos publicados pelo FABS, para que eu possa ver os novos arquivos conforme chegam. | C5: 0 | D5: 0 | E5: 0 | F5: 0 | G5: 0 | H5: =SUM(C5:G5) -> 0 | I5: 0 | J5: 0 | K5: 0 | L5: 0 | M5: 0 | N5: =SUM(I5:M5) -> 0 | O5: 0 | P5: 0 | Q5: 0 | R5: 0 | S5: 1 | T5: =SUM(O5:S5) -> 1 | U5: 0 | V5: 0 | W5: 1 | X5: 0 | Y5: 0 | Z5: =SUM(U5:Y5) -> 1 | AA5: 0 | AB5: 0 | AC5: 0 | AD5: 0 | AE5: 0 | AF5: =SUM(AA5:AE5) -> 0 | AG5: 1 | AH5: 1 | AI5: 1 | AJ5: 1 | AK5: 0 | AL5: =SUM(AG5:AK5) -> 4 | AM5: =H5+N5+T5+Z5+AF5+AL5 -> 6 | AN5: =IF(AM5=0,"Conforme",IF(AM5<=12,"Atenção","Crítico")) -> Atenção
A6: HU04 | B6: [Federal Spending] Como usuário da agência, quero receber um erro de arquivo mais útil ao enviar um arquivo com extensão incorreta. | C6: 0 | D6: 0 | E6: 0 | F6: 0 | G6: 0 | H6: =SUM(C6:G6) -> 0 | I6: 0 | J6: 0 | K6: 0 | L6: 0 | M6: 0 | N6: =SUM(I6:M6) -> 0 | O6: 1 | P6: 0 | Q6: 0 | R6: 0 | S6: 0 | T6: =SUM(O6:S6) -> 1 | U6: 1 | V6: 0 | W6: 0 | X6: 0 | Y6: 0 | Z6: =SUM(U6:Y6) -> 1 | AA6: 0 | AB6: 0 | AC6: 0 | AD6: 0 | AE6: 0 | AF6: =SUM(AA6:AE6) -> 0 | AG6: 1 | AH6: 0 | AI6: 1 | AJ6: 1 | AK6: 1 | AL6: =SUM(AG6:AK6) -> 4 | AM6: =H6+N6+T6+Z6+AF6+AL6 -> 6 | AN6: =IF(AM6=0,"Conforme",IF(AM6<=12,"Atenção","Crítico")) -> Atenção
A7: HU05 | B7: [Federal Spending] Como desenvolvedor, quero que as requisições de geração de arquivos D sejam gerenciadas e armazenadas em cache, para que requisições duplicadas não causem problemas de desempenho. | C7: 0 | D7: 0 | E7: 0 | F7: 0 | G7: 1 | H7: =SUM(C7:G7) -> 1 | I7: 0 | J7: 0 | K7: 0 | L7: 1 | M7: 0 | N7: =SUM(I7:M7) -> 1 | O7: 0 | P7: 1 | Q7: 1 | R7: 0 | S7: 0 | T7: =SUM(O7:S7) -> 2 | U7: 0 | V7: 0 | W7: 1 | X7: 0 | Y7: 0 | Z7: =SUM(U7:Y7) -> 1 | AA7: 1 | AB7: 0 | AC7: 0 | AD7: 0 | AE7: 0 | AF7: =SUM(AA7:AE7) -> 1 | AG7: 1 | AH7: 1 | AI7: 1 | AJ7: 1 | AK7: 0 | AL7: =SUM(AG7:AK7) -> 4 | AM7: =H7+N7+T7+Z7+AF7+AL7 -> 10 | AN7: =IF(AM7=0,"Conforme",IF(AM7<=12,"Atenção","Crítico")) -> Atenção
A8: HU06 | B8: [Federal Spending] Como usuário de agência, quero incluir um grande número de campos flexíveis sem impacto no desempenho. | C8: 0 | D8: 0 | E8: 0 | F8: 0 | G8: 0 | H8: =SUM(C8:G8) -> 0 | I8: 0 | J8: 0 | K8: 0 | L8: 0 | M8: 0 | N8: =SUM(I8:M8) -> 0 | O8: 1 | P8: 0 | Q8: 0 | R8: 0 | S8: 0 | T8: =SUM(O8:S8) -> 1 | U8: 1 | V8: 0 | W8: 1 | X8: 0 | Y8: 1 | Z8: =SUM(U8:Y8) -> 3 | AA8: 0 | AB8: 0 | AC8: 0 | AD8: 0 | AE8: 0 | AF8: =SUM(AA8:AE8) -> 0 | AG8: 1 | AH8: 1 | AI8: 1 | AJ8: 1 | AK8: 1 | AL8: =SUM(AG8:AK8) -> 5 | AM8: =H8+N8+T8+Z8+AF8+AL8 -> 9 | AN8: =IF(AM8=0,"Conforme",IF(AM8<=12,"Atenção","Crítico")) -> Atenção
A9: HU07 | B9: [Federal Spending] Como desenvolvedor, quero atualizar a tabela de regras de validação do Broker para contemplar as atualizações de regras do DB-2213. | C9: 1 | D9: 0 | E9: 0 | F9: 0 | G9: 0 | H9: =SUM(C9:G9) -> 1 | I9: 0 | J9: 0 | K9: 0 | L9: 0 | M9: 0 | N9: =SUM(I9:M9) -> 0 | O9: 0 | P9: 1 | Q9: 0 | R9: 0 | S9: 0 | T9: =SUM(O9:S9) -> 1 | U9: 0 | V9: 0 | W9: 1 | X9: 0 | Y9: 0 | Z9: =SUM(U9:Y9) -> 1 | AA9: 0 | AB9: 0 | AC9: 0 | AD9: 0 | AE9: 0 | AF9: =SUM(AA9:AE9) -> 0 | AG9: 1 | AH9: 0 | AI9: 1 | AJ9: 1 | AK9: 1 | AL9: =SUM(AG9:AK9) -> 4 | AM9: =H9+N9+T9+Z9+AF9+AL9 -> 7 | AN9: =IF(AM9=0,"Conforme",IF(AM9<=12,"Atenção","Crítico")) -> Atenção
A10: HU08 | B10: [Federal Spending] Como usuário do site, quero ver dados de assistência financeira atualizados diariamente. | C10: 0 | D10: 0 | E10: 0 | F10: 0 | G10: 0 | H10: =SUM(C10:G10) -> 0 | I10: 0 | J10: 0 | K10: 0 | L10: 0 | M10: 0 | N10: =SUM(I10:M10) -> 0 | O10: 1 | P10: 0 | Q10: 0 | R10: 0 | S10: 0 | T10: =SUM(O10:S10) -> 1 | U10: 0 | V10: 0 | W10: 1 | X10: 0 | Y10: 0 | Z10: =SUM(U10:Y10) -> 1 | AA10: 0 | AB10: 0 | AC10: 0 | AD10: 0 | AE10: 0 | AF10: =SUM(AA10:AE10) -> 0 | AG10: 1 | AH10: 1 | AI10: 1 | AJ10: 1 | AK10: 0 | AL10: =SUM(AG10:AK10) -> 4 | AM10: =H10+N10+T10+Z10+AF10+AL10 -> 6 | AN10: =IF(AM10=0,"Conforme",IF(AM10<=12,"Atenção","Crítico")) -> Atenção
A11: HU09 | B11: [Federal Spending] Como proprietário, quero garantir que o USAspending envie apenas registros de concessão ao meu sistema. | C11: 0 | D11: 0 | E11: 1 | F11: 0 | G11: 0 | H11: =SUM(C11:G11) -> 1 | I11: 0 | J11: 0 | K11: 0 | L11: 0 | M11: 0 | N11: =SUM(I11:M11) -> 0 | O11: 1 | P11: 0 | Q11: 0 | R11: 0 | S11: 0 | T11: =SUM(O11:S11) -> 1 | U11: 0 | V11: 0 | W11: 0 | X11: 1 | Y11: 0 | Z11: =SUM(U11:Y11) -> 1 | AA11: 0 | AB11: 0 | AC11: 0 | AD11: 0 | AE11: 0 | AF11: =SUM(AA11:AE11) -> 0 | AG11: 1 | AH11: 0 | AI11: 1 | AJ11: 1 | AK11: 1 | AL11: =SUM(AG11:AK11) -> 4 | AM11: =H11+N11+T11+Z11+AF11+AL11 -> 7 | AN11: =IF(AM11=0,"Conforme",IF(AM11<=12,"Atenção","Crítico")) -> Atenção
A12: HU10 | B12: [Federal Spending] Como usuário do broker, quero ajudar a criar mockups de conteúdo, para que eu possa enviar meus dados eficientemente. | C12: 0 | D12: 0 | E12: 0 | F12: 1 | G12: 0 | H12: =SUM(C12:G12) -> 1 | I12: 0 | J12: 0 | K12: 0 | L12: 0 | M12: 0 | N12: =SUM(I12:M12) -> 0 | O12: 0 | P12: 0 | Q12: 1 | R12: 0 | S12: 0 | T12: =SUM(O12:S12) -> 1 | U12: 1 | V12: 0 | W12: 1 | X12: 0 | Y12: 0 | Z12: =SUM(U12:Y12) -> 2 | AA12: 0 | AB12: 0 | AC12: 0 | AD12: 0 | AE12: 0 | AF12: =SUM(AA12:AE12) -> 0 | AG12: 1 | AH12: 0 | AI12: 1 | AJ12: 1 | AK12: 0 | AL12: =SUM(AG12:AK12) -> 3 | AM12: =H12+N12+T12+Z12+AF12+AL12 -> 7 | AN12: =IF(AM12=0,"Conforme",IF(AM12<=12,"Atenção","Crítico")) -> Atenção
A13: HU11 | B13: [Recycling] Como usuário, quero inserir meu CEP e obter uma lista de instalações de reciclagem próximas, para que eu possa decidir quais considerar. | C13: 0 | D13: 0 | E13: 0 | F13: 0 | G13: 0 | H13: =SUM(C13:G13) -> 0 | I13: 0 | J13: 0 | K13: 0 | L13: 0 | M13: 0 | N13: =SUM(I13:M13) -> 0 | O13: 0 | P13: 0 | Q13: 1 | R13: 0 | S13: 0 | T13: =SUM(O13:S13) -> 1 | U13: 0 | V13: 0 | W13: 1 | X13: 0 | Y13: 0 | Z13: =SUM(U13:Y13) -> 1 | AA13: 1 | AB13: 0 | AC13: 0 | AD13: 0 | AE13: 0 | AF13: =SUM(AA13:AE13) -> 1 | AG13: 1 | AH13: 1 | AI13: 0 | AJ13: 1 | AK13: 1 | AL13: =SUM(AG13:AK13) -> 4 | AM13: =H13+N13+T13+Z13+AF13+AL13 -> 7 | AN13: =IF(AM13=0,"Conforme",IF(AM13<=12,"Atenção","Crítico")) -> Atenção
A14: HU12 | B14: [Recycling] Como usuário, quero obter o horário de funcionamento de cada instalação de reciclagem, para que eu possa agendar entregas em meus dias de folga ou após o trabalho. | C14: 0 | D14: 0 | E14: 0 | F14: 0 | G14: 0 | H14: =SUM(C14:G14) -> 0 | I14: 0 | J14: 0 | K14: 0 | L14: 0 | M14: 0 | N14: =SUM(I14:M14) -> 0 | O14: 0 | P14: 0 | Q14: 0 | R14: 0 | S14: 0 | T14: =SUM(O14:S14) -> 0 | U14: 0 | V14: 0 | W14: 1 | X14: 0 | Y14: 0 | Z14: =SUM(U14:Y14) -> 1 | AA14: 0 | AB14: 0 | AC14: 0 | AD14: 0 | AE14: 0 | AF14: =SUM(AA14:AE14) -> 0 | AG14: 1 | AH14: 0 | AI14: 1 | AJ14: 1 | AK14: 0 | AL14: =SUM(AG14:AK14) -> 3 | AM14: =H14+N14+T14+Z14+AF14+AL14 -> 4 | AN14: =IF(AM14=0,"Conforme",IF(AM14<=12,"Atenção","Crítico")) -> Atenção
... A32: HU30 | B32: [Planning Poker] Como Mike, quero ver algumas métricas sobre o uso do jogo, para ver o quanto ele está sendo utilizado. | C32: 0 | D32: 0 | E32: 0 | F32: 0 | G32: 0 | H32: =SUM(C32:G32) -> 0 | I32: 0 | J32: 0 | K32: 0 | L32: 0 | M32: 0 | N32: =SUM(I32:M32) -> 0 | O32: 0 | P32: 0 | Q32: 0 | R32: 0 | S32: 1 | T32: =SUM(O32:S32) -> 1 | U32: 1 | V32: 0 | W32: 1 | X32: 0 | Y32: 0 | Z32: =SUM(U32:Y32) -> 2 | AA32: 0 | AB32: 0 | AC32: 0 | AD32: 0 | AE32: 0 | AF32: =SUM(AA32:AE32) -> 0 | AG32: 1 | AH32: 0 | AI32: 1 | AJ32: 1 | AK32: 1 | AL32: =SUM(AG32:AK32) -> 4 | AM32: =H32+N32+T32+Z32+AF32+AL32 -> 7 | AN32: =IF(AM32=0,"Conforme",IF(AM32<=12,"Atenção","Crítico")) -> Atenção

Sheet Claude_FewShot
A1: Avaliação de Requirements Smells — Claude FewShot
A2: HU | B2: Descrição | C2: I-1 | D2: I-2 | E2: I-3 | F2: I-4 | G2: I-5 | H2: I_Count | I2: N-1 | J2: N-2 | K2: N-3 | L2: N-4 | M2: N-5 | N2: N_Count | O2: V-1 | P2: V-2 | Q2: V-3 | R2: V-4 | S2: V-5 | T2: V_Count | U2: E-1 | V2: E-2 | W2: E-3 | X2: E-4 | Y2: E-5 | Z2: E_Count | AA2: S-1 | AB2: S-2 | AC2: S-3 | AD2: S-4 | AE2: S-5 | AF2: S_Count | AG2: T-1 | AH2: T-2 | AI2: T-3 | AJ2: T-4 | AK2: T-5 | AL2: T_Count | AM2: Total_Smells | AN2: Nível
A3: HU01 | B3: [Federal Spending] Como usuário, quero que o botão de publicar no FABS seja desativado após clicar, enquanto as derivações acontecem, para que eu não possa clicar múltiplas vezes na mesma submissão. | C3: 0 | D3: 0 | E3: 0 | F3: 0 | G3: 0 | H3: =SUM(C3:G3) -> 0 | I3: 0 | J3: 1 | K3: 0 | L3: 0 | M3: 1 | N3: =SUM(I3:M3) -> 2 | O3: 0 | P3: 0 | Q3: 0 | R3: 0 | S3: 0 | T3: =SUM(O3:S3) -> 0 | U3: 0 | V3: 0 | W3: 0 | X3: 0 | Y3: 0 | Z3: =SUM(U3:Y3) -> 0 | AA3: 0 | AB3: 0 | AC3: 0 | AD3: 0 | AE3: 0 | AF3: =SUM(AA3:AE3) -> 0 | AG3: 1 | AH3: 1 | AI3: 1 | AJ3: 0 | AK3: 0 | AL3: =SUM(AG3:AK3) -> 3 | AM3: =H3+N3+T3+Z3+AF3+AL3 -> 5 | AN3: =IF(AM3=0,"Conforme",IF(AM3<=12,"Atenção","Crítico")) -> Atenção
A4: HU02 | B4: [Federal Spending] Como usuário de agência, quero enviar meus dados com campos cercados por aspas, para que o Excel não remova zeros à esquerda ou à direita. | C4: 0 | D4: 0 | E4: 0 | F4: 0 | G4: 0 | H4: =SUM(C4:G4) -> 0 | I4: 0 | J4: 0 | K4: 1 | L4: 0 | M4: 0 | N4: =SUM(I4:M4) -> 1 | O4: 0 | P4: 0 | Q4: 0 | R4: 0 | S4: 0 | T4: =SUM(O4:S4) -> 0 | U4: 0 | V4: 0 | W4: 0 | X4: 0 | Y4: 0 | Z4: =SUM(U4:Y4) -> 0 | AA4: 0 | AB4: 0 | AC4: 0 | AD4: 0 | AE4: 0 | AF4: =SUM(AA4:AE4) -> 0 | AG4: 0 | AH4: 0 | AI4: 0 | AJ4: 0 | AK4: 0 | AL4: =SUM(AG4:AK4) -> 0 | AM4: =H4+N4+T4+Z4+AF4+AL4 -> 1 | AN4: =IF(AM4=0,"Conforme",IF(AM4<=12,"Atenção","Crítico")) -> Atenção
A5: HU03 | B5: [Federal Spending] Como usuário do site, quero acessar os arquivos publicados pelo FABS, para que eu possa ver os novos arquivos conforme chegam. | C5: 0 | D5: 0 | E5: 0 | F5: 0 | G5: 0 | H5: =SUM(C5:G5) -> 0 | I5: 0 | J5: 0 | K5: 0 | L5: 0 | M5: 0 | N5: =SUM(I5:M5) -> 0 | O5: 0 | P5: 0 | Q5: 0 | R5: 0 | S5: 0 | T5: =SUM(O5:S5) -> 0 | U5: 0 | V5: 0 | W5: 1 | X5: 0 | Y5: 0 | Z5: =SUM(U5:Y5) -> 1 | AA5: 0 | AB5: 0 | AC5: 0 | AD5: 0 | AE5: 0 | AF5: =SUM(AA5:AE5) -> 0 | AG5: 0 | AH5: 0 | AI5: 0 | AJ5: 0 | AK5: 0 | AL5: =SUM(AG5:AK5) -> 0 | AM5: =H5+N5+T5+Z5+AF5+AL5 -> 1 | AN5: =IF(AM5=0,"Conforme",IF(AM5<=12,"Atenção","Crítico")) -> Atenção
A6: HU04 | B6: [Federal Spending] Como usuário da agência, quero receber um erro de arquivo mais útil ao enviar um arquivo com extensão incorreta. | C6: 0 | D6: 0 | E6: 0 | F6: 0 | G6: 0 | H6: =SUM(C6:G6) -> 0 | I6: 0 | J6: 0 | K6: 0 | L6: 0 | M6: 0 | N6: =SUM(I6:M6) -> 0 | O6: 1 | P6: 0 | Q6: 0 | R6: 0 | S6: 0 | T6: =SUM(O6:S6) -> 1 | U6: 0 | V6: 0 | W6: 0 | X6: 0 | Y6: 0 | Z6: =SUM(U6:Y6) -> 0 | AA6: 0 | AB6: 0 | AC6: 0 | AD6: 0 | AE6: 0 | AF6: =SUM(AA6:AE6) -> 0 | AG6: 0 | AH6: 0 | AI6: 1 | AJ6: 0 | AK6: 0 | AL6: =SUM(AG6:AK6) -> 1 | AM6: =H6+N6+T6+Z6+AF6+AL6 -> 2 | AN6: =IF(AM6=0,"Conforme",IF(AM6<=12,"Atenção","Crítico")) -> Atenção
A7: HU05 | B7: [Federal Spending] Como desenvolvedor, quero que as requisições de geração de arquivos D sejam gerenciadas e armazenadas em cache, para que requisições duplicadas não causem problemas de desempenho. | C7: 0 | D7: 0 | E7: 0 | F7: 0 | G7: 1 | H7: =SUM(C7:G7) -> 1 | I7: 0 | J7: 0 | K7: 0 | L7: 1 | M7: 0 | N7: =SUM(I7:M7) -> 1 | O7: 0 | P7: 0 | Q7: 0 | R7: 0 | S7: 0 | T7: =SUM(O7:S7) -> 0 | U7: 0 | V7: 0 | W7: 0 | X7: 0 | Y7: 0 | Z7: =SUM(U7:Y7) -> 0 | AA7: 0 | AB7: 0 | AC7: 0 | AD7: 0 | AE7: 0 | AF7: =SUM(AA7:AE7) -> 0 | AG7: 0 | AH7: 0 | AI7: 0 | AJ7: 0 | AK7: 0 | AL7: =SUM(AG7:AK7) -> 0 | AM7: =H7+N7+T7+Z7+AF7+AL7 -> 2 | AN7: =IF(AM7=0,"Conforme",IF(AM7<=12,"Atenção","Crítico")) -> Atenção
A8: HU06 | B8: [Federal Spending] Como usuário de agência, quero incluir um grande número de campos flexíveis sem impacto no desempenho. | C8: 0 | D8: 0 | E8: 0 | F8: 0 | G8: 0 | H8: =SUM(C8:G8) -> 0 | I8: 0 | J8: 0 | K8: 0 | L8: 0 | M8: 0 | N8: =SUM(I8:M8) -> 0 | O8: 0 | P8: 0 | Q8: 0 | R8: 0 | S8: 0 | T8: =SUM(O8:S8) -> 0 | U8: 1 | V8: 0 | W8: 0 | X8: 0 | Y8: 1 | Z8: =SUM(U8:Y8) -> 2 | AA8: 0 | AB8: 0 | AC8: 0 | AD8: 0 | AE8: 0 | AF8: =SUM(AA8:AE8) -> 0 | AG8: 0 | AH8: 1 | AI8: 0 | AJ8: 0 | AK8: 0 | AL8: =SUM(AG8:AK8) -> 1 | AM8: =H8+N8+T8+Z8+AF8+AL8 -> 3 | AN8: =IF(AM8=0,"Conforme",IF(AM8<=12,"Atenção","Crítico")) -> Atenção
A9: HU07 | B9: [Federal Spending] Como desenvolvedor, quero atualizar a tabela de regras de validação do Broker para contemplar as atualizações de regras do DB-2213. | C9: 1 | D9: 0 | E9: 0 | F9: 0 | G9: 0 | H9: =SUM(C9:G9) -> 1 | I9: 0 | J9: 0 | K9: 0 | L9: 0 | M9: 0 | N9: =SUM(I9:M9) -> 0 | O9: 0 | P9: 0 | Q9: 0 | R9: 0 | S9: 0 | T9: =SUM(O9:S9) -> 0 | U9: 0 | V9: 0 | W9: 0 | X9: 0 | Y9: 0 | Z9: =SUM(U9:Y9) -> 0 | AA9: 0 | AB9: 0 | AC9: 0 | AD9: 0 | AE9: 0 | AF9: =SUM(AA9:AE9) -> 0 | AG9: 0 | AH9: 0 | AI9: 0 | AJ9: 0 | AK9: 0 | AL9: =SUM(AG9:AK9) -> 0 | AM9: =H9+N9+T9+Z9+AF9+AL9 -> 1 | AN9: =IF(AM9=0,"Conforme",IF(AM9<=12,"Atenção","Crítico")) -> Atenção
A10: HU08 | B10: [Federal Spending] Como usuário do site, quero ver dados de assistência financeira atualizados diariamente. | C10: 0 | D10: 0 | E10: 0 | F10: 0 | G10: 0 | H10: =SUM(C10:G10) -> 0 | I10: 0 | J10: 0 | K10: 0 | L10: 0 | M10: 0 | N10: =SUM(I10:M10) -> 0 | O10: 0 | P10: 0 | Q10: 0 | R10: 0 | S10: 0 | T10: =SUM(O10:S10) -> 0 | U10: 0 | V10: 0 | W10: 1 | X10: 0 | Y10: 0 | Z10: =SUM(U10:Y10) -> 1 | AA10: 0 | AB10: 0 | AC10: 0 | AD10: 0 | AE10: 0 | AF10: =SUM(AA10:AE10) -> 0 | AG10: 0 | AH10: 0 | AI10: 0 | AJ10: 0 | AK10: 0 | AL10: =SUM(AG10:AK10) -> 0 | AM10: =H10+N10+T10+Z10+AF10+AL10 -> 1 | AN10: =IF(AM10=0,"Conforme",IF(AM10<=12,"Atenção","Crítico")) -> Atenção
A11: HU09 | B11: [Federal Spending] Como proprietário, quero garantir que o USAspending envie apenas registros de concessão ao meu sistema. | C11: 0 | D11: 0 | E11: 1 | F11: 0 | G11: 0 | H11: =SUM(C11:G11) -> 1 | I11: 0 | J11: 0 | K11: 0 | L11: 0 | M11: 0 | N11: =SUM(I11:M11) -> 0 | O11: 0 | P11: 0 | Q11: 0 | R11: 0 | S11: 0 | T11: =SUM(O11:S11) -> 0 | U11: 0 | V11: 0 | W11: 0 | X11: 1 | Y11: 0 | Z11: =SUM(U11:Y11) -> 1 | AA11: 0 | AB11: 0 | AC11: 0 | AD11: 0 | AE11: 0 | AF11: =SUM(AA11:AE11) -> 0 | AG11: 0 | AH11: 0 | AI11: 0 | AJ11: 0 | AK11: 0 | AL11: =SUM(AG11:AK11) -> 0 | AM11: =H11+N11+T11+Z11+AF11+AL11 -> 2 | AN11: =IF(AM11=0,"Conforme",IF(AM11<=12,"Atenção","Crítico")) -> Atenção
A12: HU10 | B12: [Federal Spending] Como usuário do broker, quero ajudar a criar mockups de conteúdo, para que eu possa enviar meus dados eficientemente. | C12: 0 | D12: 0 | E12: 0 | F12: 1 | G12: 0 | H12: =SUM(C12:G12) -> 1 | I12: 0 | J12: 0 | K12: 0 | L12: 0 | M12: 0 | N12: =SUM(I12:M12) -> 0 | O12: 0 | P12: 0 | Q12: 0 | R12: 0 | S12: 0 | T12: =SUM(O12:S12) -> 0 | U12: 0 | V12: 0 | W12: 0 | X12: 0 | Y12: 0 | Z12: =SUM(U12:Y12) -> 0 | AA12: 0 | AB12: 0 | AC12: 0 | AD12: 0 | AE12: 0 | AF12: =SUM(AA12:AE12) -> 0 | AG12: 0 | AH12: 0 | AI12: 1 | AJ12: 0 | AK12: 0 | AL12: =SUM(AG12:AK12) -> 1 | AM12: =H12+N12+T12+Z12+AF12+AL12 -> 2 | AN12: =IF(AM12=0,"Conforme",IF(AM12<=12,"Atenção","Crítico")) -> Atenção
A13: HU11 | B13: [Recycling] Como usuário, quero inserir meu CEP e obter uma lista de instalações de reciclagem próximas, para que eu possa decidir quais considerar. | C13: 0 | D13: 0 | E13: 0 | F13: 0 | G13: 0 | H13: =SUM(C13:G13) -> 0 | I13: 0 | J13: 0 | K13: 0 | L13: 0 | M13: 0 | N13: =SUM(I13:M13) -> 0 | O13: 0 | P13: 0 | Q13: 0 | R13: 0 | S13: 0 | T13: =SUM(O13:S13) -> 0 | U13: 0 | V13: 0 | W13: 0 | X13: 0 | Y13: 0 | Z13: =SUM(U13:Y13) -> 0 | AA13: 0 | AB13: 0 | AC13: 0 | AD13: 0 | AE13: 0 | AF13: =SUM(AA13:AE13) -> 0 | AG13: 0 | AH13: 0 | AI13: 0 | AJ13: 0 | AK13: 0 | AL13: =SUM(AG13:AK13) -> 0 | AM13: =H13+N13+T13+Z13+AF13+AL13 -> 0 | AN13: =IF(AM13=0,"Conforme",IF(AM13<=12,"Atenção","Crítico")) -> Conforme
A14: HU12 | B14: [Recycling] Como usuário, quero obter o horário de funcionamento de cada instalação de reciclagem, para que eu possa agendar entregas em meus dias de folga ou após o trabalho. | C14: 0 | D14: 0 | E14: 0 | F14: 0 | G14: 0 | H14: =SUM(C14:G14) -> 0 | I14: 0 | J14: 0 | K14: 0 | L14: 0 | M14: 0 | N14: =SUM(I14:M14) -> 0 | O14: 0 | P14: 0 | Q14: 0 | R14: 0 | S14: 0 | T14: =SUM(O14:S14) -> 0 | U14: 0 | V14: 0 | W14: 0 | X14: 0 | Y14: 0 | Z14: =SUM(U14:Y14) -> 0 | AA14: 0 | AB14: 0 | AC14: 0 | AD14: 0 | AE14: 0 | AF14: =SUM(AA14:AE14) -> 0 | AG14: 0 | AH14: 0 | AI14: 0 | AJ14: 0 | AK14: 0 | AL14: =SUM(AG14:AK14) -> 0 | AM14: =H14+N14+T14+Z14+AF14+AL14 -> 0 | AN14: =IF(AM14=0,"Conforme",IF(AM14<=12,"Atenção","Crítico")) -> Conforme
... A32: HU30 | B32: [Planning Poker] Como Mike, quero ver algumas métricas sobre o uso do jogo, para ver o quanto ele está sendo utilizado. | C32: 0 | D32: 0 | E32: 0 | F32: 0 | G32: 0 | H32: =SUM(C32:G32) -> 0 | I32: 0 | J32: 0 | K32: 0 | L32: 0 | M32: 0 | N32: =SUM(I32:M32) -> 0 | O32: 0 | P32: 0 | Q32: 0 | R32: 0 | S32: 1 | T32: =SUM(O32:S32) -> 1 | U32: 0 | V32: 0 | W32: 0 | X32: 0 | Y32: 0 | Z32: =SUM(U32:Y32) -> 0 | AA32: 0 | AB32: 0 | AC32: 0 | AD32: 0 | AE32: 0 | AF32: =SUM(AA32:AE32) -> 0 | AG32: 0 | AH32: 0 | AI32: 0 | AJ32: 0 | AK32: 0 | AL32: =SUM(AG32:AK32) -> 0 | AM32: =H32+N32+T32+Z32+AF32+AL32 -> 1 | AN32: =IF(AM32=0,"Conforme",IF(AM32<=12,"Atenção","Crítico")) -> Atenção

Sheet Claude_CoT
A1: Avaliação de Requirements Smells — Claude CoT
A2: HU | B2: Descrição | C2: I-1 | D2: I-2 | E2: I-3 | F2: I-4 | G2: I-5 | H2: I_Count | I2: N-1 | J2: N-2 | K2: N-3 | L2: N-4 | M2: N-5 | N2: N_Count | O2: V-1 | P2: V-2 | Q2: V-3 | R2: V-4 | S2: V-5 | T2: V_Count | U2: E-1 | V2: E-2 | W2: E-3 | X2: E-4 | Y2: E-5 | Z2: E_Count | AA2: S-1 | AB2: S-2 | AC2: S-3 | AD2: S-4 | AE2: S-5 | AF2: S_Count | AG2: T-1 | AH2: T-2 | AI2: T-3 | AJ2: T-4 | AK2: T-5 | AL2: T_Count | AM2: Total_Smells | AN2: Nível
A3: HU01 | B3: [Federal Spending] Como usuário, quero que o botão de publicar no FABS seja desativado após clicar, enquanto as derivações acontecem, para que eu não possa clicar múltiplas vezes na mesma submissão. | C3: 0 | D3: 0 | E3: 0 | F3: 0 | G3: 0 | H3: =SUM(C3:G3) -> 0 | I3: 0 | J3: 0 | K3: 0 | L3: 0 | M3: 0 | N3: =SUM(I3:M3) -> 0 | O3: 0 | P3: 0 | Q3: 0 | R3: 0 | S3: 0 | T3: =SUM(O3:S3) -> 0 | U3: 0 | V3: 0 | W3: 0 | X3: 0 | Y3: 0 | Z3: =SUM(U3:Y3) -> 0 | AA3: 0 | AB3: 0 | AC3: 0 | AD3: 0 | AE3: 0 | AF3: =SUM(AA3:AE3) -> 0 | AG3: 0 | AH3: 0 | AI3: 0 | AJ3: 0 | AK3: 0 | AL3: =SUM(AG3:AK3) -> 0 | AM3: =H3+N3+T3+Z3+AF3+AL3 -> 0 | AN3: =IF(AM3=0,"Conforme",IF(AM3<=12,"Atenção","Crítico")) -> Conforme
A4: HU02 | B4: [Federal Spending] Como usuário de agência, quero enviar meus dados com campos cercados por aspas, para que o Excel não remova zeros à esquerda ou à direita. | C4: 0 | D4: 0 | E4: 0 | F4: 0 | G4: 0 | H4: =SUM(C4:G4) -> 0 | I4: 0 | J4: 0 | K4: 1 | L4: 0 | M4: 0 | N4: =SUM(I4:M4) -> 1 | O4: 0 | P4: 0 | Q4: 0 | R4: 0 | S4: 0 | T4: =SUM(O4:S4) -> 0 | U4: 0 | V4: 0 | W4: 0 | X4: 0 | Y4: 0 | Z4: =SUM(U4:Y4) -> 0 | AA4: 0 | AB4: 0 | AC4: 0 | AD4: 0 | AE4: 0 | AF4: =SUM(AA4:AE4) -> 0 | AG4: 0 | AH4: 0 | AI4: 0 | AJ4: 0 | AK4: 0 | AL4: =SUM(AG4:AK4) -> 0 | AM4: =H4+N4+T4+Z4+AF4+AL4 -> 1 | AN4: =IF(AM4=0,"Conforme",IF(AM4<=12,"Atenção","Crítico")) -> Atenção
A5: HU03 | B5: [Federal Spending] Como usuário do site, quero acessar os arquivos publicados pelo FABS, para que eu possa ver os novos arquivos conforme chegam. | C5: 0 | D5: 0 | E5: 0 | F5: 0 | G5: 0 | H5: =SUM(C5:G5) -> 0 | I5: 0 | J5: 0 | K5: 0 | L5: 0 | M5: 0 | N5: =SUM(I5:M5) -> 0 | O5: 0 | P5: 0 | Q5: 0 | R5: 0 | S5: 0 | T5: =SUM(O5:S5) -> 0 | U5: 0 | V5: 0 | W5: 0 | X5: 0 | Y5: 0 | Z5: =SUM(U5:Y5) -> 0 | AA5: 0 | AB5: 0 | AC5: 0 | AD5: 0 | AE5: 0 | AF5: =SUM(AA5:AE5) -> 0 | AG5: 0 | AH5: 0 | AI5: 0 | AJ5: 0 | AK5: 0 | AL5: =SUM(AG5:AK5) -> 0 | AM5: =H5+N5+T5+Z5+AF5+AL5 -> 0 | AN5: =IF(AM5=0,"Conforme",IF(AM5<=12,"Atenção","Crítico")) -> Conforme
A6: HU04 | B6: [Federal Spending] Como usuário da agência, quero receber um erro de arquivo mais útil ao enviar um arquivo com extensão incorreta. | C6: 0 | D6: 0 | E6: 0 | F6: 0 | G6: 0 | H6: =SUM(C6:G6) -> 0 | I6: 0 | J6: 0 | K6: 0 | L6: 0 | M6: 0 | N6: =SUM(I6:M6) -> 0 | O6: 1 | P6: 0 | Q6: 0 | R6: 0 | S6: 0 | T6: =SUM(O6:S6) -> 1 | U6: 1 | V6: 0 | W6: 0 | X6: 0 | Y6: 0 | Z6: =SUM(U6:Y6) -> 1 | AA6: 0 | AB6: 0 | AC6: 0 | AD6: 0 | AE6: 0 | AF6: =SUM(AA6:AE6) -> 0 | AG6: 1 | AH6: 0 | AI6: 0 | AJ6: 0 | AK6: 0 | AL6: =SUM(AG6:AK6) -> 1 | AM6: =H6+N6+T6+Z6+AF6+AL6 -> 3 | AN6: =IF(AM6=0,"Conforme",IF(AM6<=12,"Atenção","Crítico")) -> Atenção
A7: HU05 | B7: [Federal Spending] Como desenvolvedor, quero que as requisições de geração de arquivos D sejam gerenciadas e armazenadas em cache, para que requisições duplicadas não causem problemas de desempenho. | C7: 0 | D7: 0 | E7: 0 | F7: 0 | G7: 1 | H7: =SUM(C7:G7) -> 1 | I7: 0 | J7: 0 | K7: 0 | L7: 1 | M7: 0 | N7: =SUM(I7:M7) -> 1 | O7: 0 | P7: 1 | Q7: 0 | R7: 0 | S7: 0 | T7: =SUM(O7:S7) -> 1 | U7: 0 | V7: 0 | W7: 0 | X7: 0 | Y7: 0 | Z7: =SUM(U7:Y7) -> 0 | AA7: 0 | AB7: 0 | AC7: 0 | AD7: 0 | AE7: 0 | AF7: =SUM(AA7:AE7) -> 0 | AG7: 0 | AH7: 0 | AI7: 0 | AJ7: 0 | AK7: 0 | AL7: =SUM(AG7:AK7) -> 0 | AM7: =H7+N7+T7+Z7+AF7+AL7 -> 3 | AN7: =IF(AM7=0,"Conforme",IF(AM7<=12,"Atenção","Crítico")) -> Atenção
A8: HU06 | B8: [Federal Spending] Como usuário de agência, quero incluir um grande número de campos flexíveis sem impacto no desempenho. | C8: 0 | D8: 0 | E8: 0 | F8: 0 | G8: 0 | H8: =SUM(C8:G8) -> 0 | I8: 0 | J8: 0 | K8: 0 | L8: 0 | M8: 0 | N8: =SUM(I8:M8) -> 0 | O8: 1 | P8: 0 | Q8: 0 | R8: 0 | S8: 0 | T8: =SUM(O8:S8) -> 1 | U8: 1 | V8: 0 | W8: 0 | X8: 0 | Y8: 1 | Z8: =SUM(U8:Y8) -> 2 | AA8: 0 | AB8: 0 | AC8: 0 | AD8: 0 | AE8: 0 | AF8: =SUM(AA8:AE8) -> 0 | AG8: 0 | AH8: 1 | AI8: 0 | AJ8: 0 | AK8: 0 | AL8: =SUM(AG8:AK8) -> 1 | AM8: =H8+N8+T8+Z8+AF8+AL8 -> 4 | AN8: =IF(AM8=0,"Conforme",IF(AM8<=12,"Atenção","Crítico")) -> Atenção
A9: HU07 | B9: [Federal Spending] Como desenvolvedor, quero atualizar a tabela de regras de validação do Broker para contemplar as atualizações de regras do DB-2213. | C9: 1 | D9: 0 | E9: 0 | F9: 0 | G9: 0 | H9: =SUM(C9:G9) -> 1 | I9: 0 | J9: 0 | K9: 0 | L9: 0 | M9: 0 | N9: =SUM(I9:M9) -> 0 | O9: 0 | P9: 1 | Q9: 0 | R9: 0 | S9: 0 | T9: =SUM(O9:S9) -> 1 | U9: 0 | V9: 0 | W9: 0 | X9: 0 | Y9: 0 | Z9: =SUM(U9:Y9) -> 0 | AA9: 0 | AB9: 0 | AC9: 0 | AD9: 0 | AE9: 0 | AF9: =SUM(AA9:AE9) -> 0 | AG9: 0 | AH9: 0 | AI9: 0 | AJ9: 0 | AK9: 0 | AL9: =SUM(AG9:AK9) -> 0 | AM9: =H9+N9+T9+Z9+AF9+AL9 -> 2 | AN9: =IF(AM9=0,"Conforme",IF(AM9<=12,"Atenção","Crítico")) -> Atenção
A10: HU08 | B10: [Federal Spending] Como usuário do site, quero ver dados de assistência financeira atualizados diariamente. | C10: 0 | D10: 0 | E10: 0 | F10: 0 | G10: 0 | H10: =SUM(C10:G10) -> 0 | I10: 0 | J10: 0 | K10: 0 | L10: 0 | M10: 0 | N10: =SUM(I10:M10) -> 0 | O10: 1 | P10: 0 | Q10: 0 | R10: 0 | S10: 0 | T10: =SUM(O10:S10) -> 1 | U10: 0 | V10: 0 | W10: 1 | X10: 0 | Y10: 0 | Z10: =SUM(U10:Y10) -> 1 | AA10: 0 | AB10: 0 | AC10: 0 | AD10: 0 | AE10: 0 | AF10: =SUM(AA10:AE10) -> 0 | AG10: 0 | AH10: 0 | AI10: 0 | AJ10: 0 | AK10: 0 | AL10: =SUM(AG10:AK10) -> 0 | AM10: =H10+N10+T10+Z10+AF10+AL10 -> 2 | AN10: =IF(AM10=0,"Conforme",IF(AM10<=12,"Atenção","Crítico")) -> Atenção
A11: HU09 | B11: [Federal Spending] Como proprietário, quero garantir que o USAspending envie apenas registros de concessão ao meu sistema. | C11: 0 | D11: 0 | E11: 1 | F11: 1 | G11: 0 | H11: =SUM(C11:G11) -> 2 | I11: 0 | J11: 0 | K11: 0 | L11: 0 | M11: 0 | N11: =SUM(I11:M11) -> 0 | O11: 1 | P11: 0 | Q11: 0 | R11: 0 | S11: 0 | T11: =SUM(O11:S11) -> 1 | U11: 0 | V11: 0 | W11: 0 | X11: 1 | Y11: 0 | Z11: =SUM(U11:Y11) -> 1 | AA11: 0 | AB11: 0 | AC11: 0 | AD11: 0 | AE11: 0 | AF11: =SUM(AA11:AE11) -> 0 | AG11: 0 | AH11: 0 | AI11: 0 | AJ11: 0 | AK11: 0 | AL11: =SUM(AG11:AK11) -> 0 | AM11: =H11+N11+T11+Z11+AF11+AL11 -> 4 | AN11: =IF(AM11=0,"Conforme",IF(AM11<=12,"Atenção","Crítico")) -> Atenção
A12: HU10 | B12: [Federal Spending] Como usuário do broker, quero ajudar a criar mockups de conteúdo, para que eu possa enviar meus dados eficientemente. | C12: 0 | D12: 0 | E12: 0 | F12: 1 | G12: 0 | H12: =SUM(C12:G12) -> 1 | I12: 0 | J12: 0 | K12: 1 | L12: 0 | M12: 0 | N12: =SUM(I12:M12) -> 1 | O12: 0 | P12: 0 | Q12: 0 | R12: 0 | S12: 0 | T12: =SUM(O12:S12) -> 0 | U12: 0 | V12: 0 | W12: 0 | X12: 0 | Y12: 0 | Z12: =SUM(U12:Y12) -> 0 | AA12: 0 | AB12: 0 | AC12: 0 | AD12: 0 | AE12: 0 | AF12: =SUM(AA12:AE12) -> 0 | AG12: 1 | AH12: 0 | AI12: 0 | AJ12: 0 | AK12: 0 | AL12: =SUM(AG12:AK12) -> 1 | AM12: =H12+N12+T12+Z12+AF12+AL12 -> 3 | AN12: =IF(AM12=0,"Conforme",IF(AM12<=12,"Atenção","Crítico")) -> Atenção
A13: HU11 | B13: [Recycling] Como usuário, quero inserir meu CEP e obter uma lista de instalações de reciclagem próximas, para que eu possa decidir quais considerar. | C13: 0 | D13: 0 | E13: 0 | F13: 0 | G13: 0 | H13: =SUM(C13:G13) -> 0 | I13: 0 | J13: 0 | K13: 0 | L13: 0 | M13: 0 | N13: =SUM(I13:M13) -> 0 | O13: 0 | P13: 0 | Q13: 0 | R13: 0 | S13: 0 | T13: =SUM(O13:S13) -> 0 | U13: 1 | V13: 0 | W13: 0 | X13: 0 | Y13: 0 | Z13: =SUM(U13:Y13) -> 1 | AA13: 0 | AB13: 0 | AC13: 0 | AD13: 0 | AE13: 0 | AF13: =SUM(AA13:AE13) -> 0 | AG13: 0 | AH13: 0 | AI13: 1 | AJ13: 0 | AK13: 0 | AL13: =SUM(AG13:AK13) -> 1 | AM13: =H13+N13+T13+Z13+AF13+AL13 -> 2 | AN13: =IF(AM13=0,"Conforme",IF(AM13<=12,"Atenção","Crítico")) -> Atenção
A14: HU12 | B14: [Recycling] Como usuário, quero obter o horário de funcionamento de cada instalação de reciclagem, para que eu possa agendar entregas em meus dias de folga ou após o trabalho. | C14: 0 | D14: 0 | E14: 0 | F14: 0 | G14: 0 | H14: =SUM(C14:G14) -> 0 | I14: 0 | J14: 0 | K14: 0 | L14: 0 | M14: 0 | N14: =SUM(I14:M14) -> 0 | O14: 0 | P14: 0 | Q14: 0 | R14: 0 | S14: 0 | T14: =SUM(O14:S14) -> 0 | U14: 0 | V14: 0 | W14: 0 | X14: 0 | Y14: 0 | Z14: =SUM(U14:Y14) -> 0 | AA14: 0 | AB14: 0 | AC14: 0 | AD14: 0 | AE14: 0 | AF14: =SUM(AA14:AE14) -> 0 | AG14: 0 | AH14: 0 | AI14: 0 | AJ14: 0 | AK14: 0 | AL14: =SUM(AG14:AK14) -> 0 | AM14: =H14+N14+T14+Z14+AF14+AL14 -> 0 | AN14: =IF(AM14=0,"Conforme",IF(AM14<=12,"Atenção","Crítico")) -> Conforme
... A32: HU30 | B32: [Planning Poker] Como Mike, quero ver algumas métricas sobre o uso do jogo, para ver o quanto ele está sendo utilizado. | C32: 0 | D32: 0 | E32: 0 | F32: 0 | G32: 0 | H32: =SUM(C32:G32) -> 0 | I32: 0 | J32: 0 | K32: 0 | L32: 0 | M32: 0 | N32: =SUM(I32:M32) -> 0 | O32: 0 | P32: 0 | Q32: 0 | R32: 0 | S32: 1 | T32: =SUM(O32:S32) -> 1 | U32: 1 | V32: 0 | W32: 1 | X32: 0 | Y32: 0 | Z32: =SUM(U32:Y32) -> 2 | AA32: 0 | AB32: 0 | AC32: 0 | AD32: 0 | AE32: 0 | AF32: =SUM(AA32:AE32) -> 0 | AG32: 1 | AH32: 0 | AI32: 0 | AJ32: 0 | AK32: 0 | AL32: =SUM(AG32:AK32) -> 1 | AM32: =H32+N32+T32+Z32+AF32+AL32 -> 4 | AN32: =IF(AM32=0,"Conforme",IF(AM32<=12,"Atenção","Crítico")) -> Atenção

Sheet Volumetria_Geral
A1: Volumetria Geral de Smells por Criterio INVEST
A2: Avaliador | B2: I — Independente | C2: N — Negociavel | D2: V — Valiosa | E2: E — Estimavel | F2: S — Sucinta | G2: T — Testavel | H2: TOTAL SMELLS | I2: % do Humano
A3: Humano (Baseline) | B3: =SUM(Avaliacao_Humana!H3:H32) -> 7 | C3: =SUM(Avaliacao_Humana!N3:N32) -> 15 | D3: =SUM(Avaliacao_Humana!T3:T32) -> 16 | E3: =SUM(Avaliacao_Humana!Z3:Z32) -> 16 | F3: =SUM(Avaliacao_Humana!AF3:AF32) -> 6 | G3: =SUM(Avaliacao_Humana!AL3:AL32) -> 69 | H3: =SUM(Avaliacao_Humana!AM3:AM32) -> 129 | I3: 100%
A4: ChatGPT — Zero-Shot | B4: =SUM(ChatGPT_ZeroShot!H3:H32) -> 6 | C4: =SUM(ChatGPT_ZeroShot!N3:N32) -> 15 | D4: =SUM(ChatGPT_ZeroShot!T3:T32) -> 16 | E4: =SUM(ChatGPT_ZeroShot!Z3:Z32) -> 6 | F4: =SUM(ChatGPT_ZeroShot!AF3:AF32) -> 11 | G4: =SUM(ChatGPT_ZeroShot!AL3:AL32) -> 122 | H4: =SUM(ChatGPT_ZeroShot!AM3:AM32) -> 176 | I4: =IFERROR(H4/H3,"-") -> 1.3643411
A5: ChatGPT — Few-Shot | B5: =SUM(ChatGPT_FewShot!H3:H32) -> 1 | C5: =SUM(ChatGPT_FewShot!N3:N32) -> 6 | D5: =SUM(ChatGPT_FewShot!T3:T32) -> 6 | E5: =SUM(ChatGPT_FewShot!Z3:Z32) -> 6 | F5: =SUM(ChatGPT_FewShot!AF3:AF32) -> 4 | G5: =SUM(ChatGPT_FewShot!AL3:AL32) -> 38 | H5: =SUM(ChatGPT_FewShot!AM3:AM32) -> 61 | I5: =IFERROR(H5/H3,"-") -> 0.47286822
A6: ChatGPT — CoT | B6: =SUM(ChatGPT_CoT!H3:H32) -> 7 | C6: =SUM(ChatGPT_CoT!N3:N32) -> 8 | D6: =SUM(ChatGPT_CoT!T3:T32) -> 11 | E6: =SUM(ChatGPT_CoT!Z3:Z32) -> 9 | F6: =SUM(ChatGPT_CoT!AF3:AF32) -> 7 | G6: =SUM(ChatGPT_CoT!AL3:AL32) -> 122 | H6: =SUM(ChatGPT_CoT!AM3:AM32) -> 164 | I6: =IFERROR(H6/H3,"-") -> 1.2713178
A7: Gemini — Zero-Shot | B7: =SUM(Gemini_ZeroShot!H3:H32) -> 4 | C7: =SUM(Gemini_ZeroShot!N3:N32) -> 5 | D7: =SUM(Gemini_ZeroShot!T3:T32) -> 5 | E7: =SUM(Gemini_ZeroShot!Z3:Z32) -> 4 | F7: =SUM(Gemini_ZeroShot!AF3:AF32) -> 2 | G7: =SUM(Gemini_ZeroShot!AL3:AL32) -> 5 | H7: =SUM(Gemini_ZeroShot!AM3:AM32) -> 25 | I7: =IFERROR(H7/H3,"-") -> 0.19379845
A8: Gemini — Few-Shot | B8: =SUM(Gemini_FewShot!H3:H32) -> 4 | C8: =SUM(Gemini_FewShot!N3:N32) -> 5 | D8: =SUM(Gemini_FewShot!T3:T32) -> 15 | E8: =SUM(Gemini_FewShot!Z3:Z32) -> 15 | F8: =SUM(Gemini_FewShot!AF3:AF32) -> 3 | G8: =SUM(Gemini_FewShot!AL3:AL32) -> 128 | H8: =SUM(Gemini_FewShot!AM3:AM32) -> 170 | I8: =IFERROR(H8/H3,"-") -> 1.3178295
A9: Gemini — CoT | B9: =SUM(Gemini_CoT!H3:H32) -> 4 | C9: =SUM(Gemini_CoT!N3:N32) -> 4 | D9: =SUM(Gemini_CoT!T3:T32) -> 5 | E9: =SUM(Gemini_CoT!Z3:Z32) -> 6 | F9: =SUM(Gemini_CoT!AF3:AF32) -> 2 | G9: =SUM(Gemini_CoT!AL3:AL32) -> 5 | H9: =SUM(Gemini_CoT!AM3:AM32) -> 26 | I9: =IFERROR(H9/H3,"-") -> 0.20155039
A10: Claude — Zero-Shot | B10: =SUM(Claude_ZeroShot!H3:H32) -> 4 | C10: =SUM(Claude_ZeroShot!N3:N32) -> 7 | D10: =SUM(Claude_ZeroShot!T3:T32) -> 19 | E10: =SUM(Claude_ZeroShot!Z3:Z32) -> 24 | F10: =SUM(Claude_ZeroShot!AF3:AF32) -> 6 | G10: =SUM(Claude_ZeroShot!AL3:AL32) -> 107 | H10: =SUM(Claude_ZeroShot!AM3:AM32) -> 167 | I10: =IFERROR(H10/H3,"-") -> 1.2945736
A11: Claude — Few-Shot | B11: =SUM(Claude_FewShot!H3:H32) -> 5 | C11: =SUM(Claude_FewShot!N3:N32) -> 9 | D11: =SUM(Claude_FewShot!T3:T32) -> 7 | E11: =SUM(Claude_FewShot!Z3:Z32) -> 5 | F11: =SUM(Claude_FewShot!AF3:AF32) -> 2 | G11: =SUM(Claude_FewShot!AL3:AL32) -> 11 | H11: =SUM(Claude_FewShot!AM3:AM32) -> 39 | I11: =IFERROR(H11/H3,"-") -> 0.30232558
A12: Claude — CoT | B12: =SUM(Claude_CoT!H3:H32) -> 5 | C12: =SUM(Claude_CoT!N3:N32) -> 8 | D12: =SUM(Claude_CoT!T3:T32) -> 12 | E12: =SUM(Claude_CoT!Z3:Z32) -> 12 | F12: =SUM(Claude_CoT!AF3:AF32) -> 2 | G12: =SUM(Claude_CoT!AL3:AL32) -> 21 | H12: =SUM(Claude_CoT!AM3:AM32) -> 60 | I12: =IFERROR(H12/H3,"-") -> 0.46511628
A15: Detalhamento por Historia de Usuario (Baseline Humano)
A16: Historia | B16: I | C16: N | D16: V | E16: E | F16: S | G16: T | H16: Total | I16: Nivel
A17: HU01 - Button Disable (FABS) | B17: =Avaliacao_Humana!H3 -> 0 | C17: =Avaliacao_Humana!N3 -> 2 | D17: =Avaliacao_Humana!T3 -> 0 | E17: =Avaliacao_Humana!Z3 -> 0 | F17: =Avaliacao_Humana!AF3 -> 0 | G17: =Avaliacao_Humana!AL3 -> 3 | H17: =Avaliacao_Humana!AM3 -> 5 | I17: =Avaliacao_Humana!AN3 -> Atenção
A18: HU02 - Quoted Fields | B18: =Avaliacao_Humana!H4 -> 0 | C18: =Avaliacao_Humana!N4 -> 1 | D18: =Avaliacao_Humana!T4 -> 0 | E18: =Avaliacao_Humana!Z4 -> 0 | F18: =Avaliacao_Humana!AF4 -> 0 | G18: =Avaliacao_Humana!AL4 -> 2 | H18: =Avaliacao_Humana!AM4 -> 3 | I18: =Avaliacao_Humana!AN4 -> Atenção
A19: HU03 - Published Files | B19: =Avaliacao_Humana!H5 -> 1 | C19: =Avaliacao_Humana!N5 -> 0 | D19: =Avaliacao_Humana!T5 -> 0 | E19: =Avaliacao_Humana!Z5 -> 0 | F19: =Avaliacao_Humana!AF5 -> 0 | G19: =Avaliacao_Humana!AL5 -> 3 | H19: =Avaliacao_Humana!AM5 -> 4 | I19: =Avaliacao_Humana!AN5 -> Atenção
A20: HU04 - File Extension Error | B20: =Avaliacao_Humana!H6 -> 0 | C20: =Avaliacao_Humana!N6 -> 0 | D20: =Avaliacao_Humana!T6 -> 2 | E20: =Avaliacao_Humana!Z6 -> 1 | F20: =Avaliacao_Humana!AF6 -> 0 | G20: =Avaliacao_Humana!AL6 -> 2 | H20: =Avaliacao_Humana!AM6 -> 5 | I20: =Avaliacao_Humana!AN6 -> Atenção
A21: HU05 - D-File Cache | B21: =Avaliacao_Humana!H7 -> 1 | C21: =Avaliacao_Humana!N7 -> 2 | D21: =Avaliacao_Humana!T7 -> 1 | E21: =Avaliacao_Humana!Z7 -> 1 | F21: =Avaliacao_Humana!AF7 -> 0 | G21: =Avaliacao_Humana!AL7 -> 3 | H21: =Avaliacao_Humana!AM7 -> 8 | I21: =Avaliacao_Humana!AN7 -> Atenção
A22: HU06 - Flexible Fields | B22: =Avaliacao_Humana!H8 -> 0 | C22: =Avaliacao_Humana!N8 -> 0 | D22: =Avaliacao_Humana!T8 -> 0 | E22: =Avaliacao_Humana!Z8 -> 3 | F22: =Avaliacao_Humana!AF8 -> 0 | G22: =Avaliacao_Humana!AL8 -> 2 | H22: =Avaliacao_Humana!AM8 -> 5 | I22: =Avaliacao_Humana!AN8 -> Atenção
A23: HU07 - Validation Rules | B23: =Avaliacao_Humana!H9 -> 1 | C23: =Avaliacao_Humana!N9 -> 0 | D23: =Avaliacao_Humana!T9 -> 1 | E23: =Avaliacao_Humana!Z9 -> 0 | F23: =Avaliacao_Humana!AF9 -> 0 | G23: =Avaliacao_Humana!AL9 -> 2 | H23: =Avaliacao_Humana!AM9 -> 4 | I23: =Avaliacao_Humana!AN9 -> Atenção
A24: HU08 - Daily Financial Data | B24: =Avaliacao_Humana!H10 -> 0 | C24: =Avaliacao_Humana!N10 -> 0 | D24: =Avaliacao_Humana!T10 -> 1 | E24: =Avaliacao_Humana!Z10 -> 0 | F24: =Avaliacao_Humana!AF10 -> 0 | G24: =Avaliacao_Humana!AL10 -> 2 | H24: =Avaliacao_Humana!AM10 -> 3 | I24: =Avaliacao_Humana!AN10 -> Atenção
A25: HU09 - Grant Records Only | B25: =Avaliacao_Humana!H11 -> 2 | C25: =Avaliacao_Humana!N11 -> 0 | D25: =Avaliacao_Humana!T11 -> 1 | E25: =Avaliacao_Humana!Z11 -> 1 | F25: =Avaliacao_Humana!AF11 -> 0 | G25: =Avaliacao_Humana!AL11 -> 2 | H25: =Avaliacao_Humana!AM11 -> 6 | I25: =Avaliacao_Humana!AN11 -> Atenção
A26: HU10 - Content Mockups | B26: =Avaliacao_Humana!H12 -> 0 | C26: =Avaliacao_Humana!N12 -> 1 | D26: =Avaliacao_Humana!T12 -> 1 | E26: =Avaliacao_Humana!Z12 -> 1 | F26: =Avaliacao_Humana!AF12 -> 0 | G26: =Avaliacao_Humana!AL12 -> 2 | H26: =Avaliacao_Humana!AM12 -> 5 | I26: =Avaliacao_Humana!AN12 -> Atenção
A27: HU11 - CEP + Recycling List | B27: =Avaliacao_Humana!H13 -> 0 | C27: =Avaliacao_Humana!N13 -> 0 | D27: =Avaliacao_Humana!T13 -> 0 | E27: =Avaliacao_Humana!Z13 -> 1 | F27: =Avaliacao_Humana!AF13 -> 1 | G27: =Avaliacao_Humana!AL13 -> 4 | H27: =Avaliacao_Humana!AM13 -> 6 | I27: =Avaliacao_Humana!AN13 -> Atenção
A28: HU12 - Operating Hours | B28: =Avaliacao_Humana!H14 -> 0 | C28: =Avaliacao_Humana!N14 -> 0 | D28: =Avaliacao_Humana!T14 -> 0 | E28: =Avaliacao_Humana!Z14 -> 0 | F28: =Avaliacao_Humana!AF14 -> 0 | G28: =Avaliacao_Humana!AL14 -> 3 | H28: =Avaliacao_Humana!AM14 -> 3 | I28: =Avaliacao_Humana!AN14 -> Atenção
... A46: HU30 - Usage Metrics (Mike) | B46: =Avaliacao_Humana!H32 -> 0 | C46: =Avaliacao_Humana!N32 -> 0 | D46: =Avaliacao_Humana!T32 -> 1 | E46: =Avaliacao_Humana!Z32 -> 2 | F46: =Avaliacao_Humana!AF32 -> 0 | G46: =Avaliacao_Humana!AL32 -> 2 | H46: =Avaliacao_Humana!AM32 -> 5 | I46: =Avaliacao_Humana!AN32 -> Atenção

Sheet Analise_MAE
A1: Análise de Erro Médio Absoluto (MAE) — LLMs vs Avaliação Humana
A2: HU | B2: Critério | C2: Humano | D2: GPT_ZS | E2: GPT_FS | F2: GPT_CoT | G2: Gem_ZS | H2: Gem_FS | I2: Gem_CoT | J2: Cla_ZS | K2: Cla_FS | L2: Cla_CoT | M2: EA_GPT_ZS | N2: EA_GPT_FS | O2: EA_GPT_CoT | P2: EA_Gem_ZS | Q2: EA_Gem_FS | R2: EA_Gem_CoT | S2: EA_Cla_ZS | T2: EA_Cla_FS | U2: EA_Cla_CoT
A3: HU01 | B3: I | C3: =Avaliacao_Humana!H3 -> 0 | D3: =ChatGPT_ZeroShot!H3 -> 1 | E3: =ChatGPT_FewShot!H3 -> 0 | F3: =ChatGPT_CoT!H3 -> 1 | G3: =Gemini_ZeroShot!H3 -> 0 | H3: =Gemini_FewShot!H3 -> 0 | I3: =Gemini_CoT!H3 -> 0 | J3: =Claude_ZeroShot!H3 -> 0 | K3: =Claude_FewShot!H3 -> 0 | L3: =Claude_CoT!H3 -> 0 | M3: =ABS(D3-C3) -> 1 | N3: =ABS(E3-C3) -> 0 | O3: =ABS(F3-C3) -> 1 | P3: =ABS(G3-C3) -> 0 | Q3: =ABS(H3-C3) -> 0 | R3: =ABS(I3-C3) -> 0 | S3: =ABS(J3-C3) -> 0 | T3: =ABS(K3-C3) -> 0 | U3: =ABS(L3-C3) -> 0
A4: HU01 | B4: N | C4: =Avaliacao_Humana!N3 -> 2 | D4: =ChatGPT_ZeroShot!N3 -> 1 | E4: =ChatGPT_FewShot!N3 -> 2 | F4: =ChatGPT_CoT!N3 -> 1 | G4: =Gemini_ZeroShot!N3 -> 0 | H4: =Gemini_FewShot!N3 -> 2 | I4: =Gemini_CoT!N3 -> 0 | J4: =Claude_ZeroShot!N3 -> 0 | K4: =Claude_FewShot!N3 -> 2 | L4: =Claude_CoT!N3 -> 0 | M4: =ABS(D4-C4) -> 1 | N4: =ABS(E4-C4) -> 0 | O4: =ABS(F4-C4) -> 1 | P4: =ABS(G4-C4) -> 2 | Q4: =ABS(H4-C4) -> 0 | R4: =ABS(I4-C4) -> 2 | S4: =ABS(J4-C4) -> 2 | T4: =ABS(K4-C4) -> 0 | U4: =ABS(L4-C4) -> 2
A5: HU01 | B5: V | C5: =Avaliacao_Humana!T3 -> 0 | D5: =ChatGPT_ZeroShot!T3 -> 0 | E5: =ChatGPT_FewShot!T3 -> 0 | F5: =ChatGPT_CoT!T3 -> 0 | G5: =Gemini_ZeroShot!T3 -> 0 | H5: =Gemini_FewShot!T3 -> 0 | I5: =Gemini_CoT!T3 -> 0 | J5: =Claude_ZeroShot!T3 -> 0 | K5: =Claude_FewShot!T3 -> 0 | L5: =Claude_CoT!T3 -> 0 | M5: =ABS(D5-C5) -> 0 | N5: =ABS(E5-C5) -> 0 | O5: =ABS(F5-C5) -> 0 | P5: =ABS(G5-C5) -> 0 | Q5: =ABS(H5-C5) -> 0 | R5: =ABS(I5-C5) -> 0 | S5: =ABS(J5-C5) -> 0 | T5: =ABS(K5-C5) -> 0 | U5: =ABS(L5-C5) -> 0
A6: HU01 | B6: E | C6: =Avaliacao_Humana!Z3 -> 0 | D6: =ChatGPT_ZeroShot!Z3 -> 0 | E6: =ChatGPT_FewShot!Z3 -> 0 | F6: =ChatGPT_CoT!Z3 -> 0 | G6: =Gemini_ZeroShot!Z3 -> 0 | H6: =Gemini_FewShot!Z3 -> 0 | I6: =Gemini_CoT!Z3 -> 0 | J6: =Claude_ZeroShot!Z3 -> 1 | K6: =Claude_FewShot!Z3 -> 0 | L6: =Claude_CoT!Z3 -> 0 | M6: =ABS(D6-C6) -> 0 | N6: =ABS(E6-C6) -> 0 | O6: =ABS(F6-C6) -> 0 | P6: =ABS(G6-C6) -> 0 | Q6: =ABS(H6-C6) -> 0 | R6: =ABS(I6-C6) -> 0 | S6: =ABS(J6-C6) -> 1 | T6: =ABS(K6-C6) -> 0 | U6: =ABS(L6-C6) -> 0
A7: HU01 | B7: S | C7: =Avaliacao_Humana!AF3 -> 0 | D7: =ChatGPT_ZeroShot!AF3 -> 0 | E7: =ChatGPT_FewShot!AF3 -> 0 | F7: =ChatGPT_CoT!AF3 -> 0 | G7: =Gemini_ZeroShot!AF3 -> 0 | H7: =Gemini_FewShot!AF3 -> 0 | I7: =Gemini_CoT!AF3 -> 0 | J7: =Claude_ZeroShot!AF3 -> 0 | K7: =Claude_FewShot!AF3 -> 0 | L7: =Claude_CoT!AF3 -> 0 | M7: =ABS(D7-C7) -> 0 | N7: =ABS(E7-C7) -> 0 | O7: =ABS(F7-C7) -> 0 | P7: =ABS(G7-C7) -> 0 | Q7: =ABS(H7-C7) -> 0 | R7: =ABS(I7-C7) -> 0 | S7: =ABS(J7-C7) -> 0 | T7: =ABS(K7-C7) -> 0 | U7: =ABS(L7-C7) -> 0
A8: HU01 | B8: T | C8: =Avaliacao_Humana!AL3 -> 3 | D8: =ChatGPT_ZeroShot!AL3 -> 4 | E8: =ChatGPT_FewShot!AL3 -> 3 | F8: =ChatGPT_CoT!AL3 -> 4 | G8: =Gemini_ZeroShot!AL3 -> 0 | H8: =Gemini_FewShot!AL3 -> 3 | I8: =Gemini_CoT!AL3 -> 0 | J8: =Claude_ZeroShot!AL3 -> 3 | K8: =Claude_FewShot!AL3 -> 3 | L8: =Claude_CoT!AL3 -> 0 | M8: =ABS(D8-C8) -> 1 | N8: =ABS(E8-C8) -> 0 | O8: =ABS(F8-C8) -> 1 | P8: =ABS(G8-C8) -> 3 | Q8: =ABS(H8-C8) -> 0 | R8: =ABS(I8-C8) -> 3 | S8: =ABS(J8-C8) -> 0 | T8: =ABS(K8-C8) -> 0 | U8: =ABS(L8-C8) -> 3
A9: HU02 | B9: I | C9: =Avaliacao_Humana!H4 -> 0 | D9: =ChatGPT_ZeroShot!H4 -> 0 | E9: =ChatGPT_FewShot!H4 -> 0 | F9: =ChatGPT_CoT!H4 -> 0 | G9: =Gemini_ZeroShot!H4 -> 0 | H9: =Gemini_FewShot!H4 -> 0 | I9: =Gemini_CoT!H4 -> 0 | J9: =Claude_ZeroShot!H4 -> 0 | K9: =Claude_FewShot!H4 -> 0 | L9: =Claude_CoT!H4 -> 0 | M9: =ABS(D9-C9) -> 0 | N9: =ABS(E9-C9) -> 0 | O9: =ABS(F9-C9) -> 0 | P9: =ABS(G9-C9) -> 0 | Q9: =ABS(H9-C9) -> 0 | R9: =ABS(I9-C9) -> 0 | S9: =ABS(J9-C9) -> 0 | T9: =ABS(K9-C9) -> 0 | U9: =ABS(L9-C9) -> 0
A10: HU02 | B10: N | C10: =Avaliacao_Humana!N4 -> 1 | D10: =ChatGPT_ZeroShot!N4 -> 1 | E10: =ChatGPT_FewShot!N4 -> 1 | F10: =ChatGPT_CoT!N4 -> 1 | G10: =Gemini_ZeroShot!N4 -> 1 | H10: =Gemini_FewShot!N4 -> 1 | I10: =Gemini_CoT!N4 -> 1 | J10: =Claude_ZeroShot!N4 -> 1 | K10: =Claude_FewShot!N4 -> 1 | L10: =Claude_CoT!N4 -> 1 | M10: =ABS(D10-C10) -> 0 | N10: =ABS(E10-C10) -> 0 | O10: =ABS(F10-C10) -> 0 | P10: =ABS(G10-C10) -> 0 | Q10: =ABS(H10-C10) -> 0 | R10: =ABS(I10-C10) -> 0 | S10: =ABS(J10-C10) -> 0 | T10: =ABS(K10-C10) -> 0 | U10: =ABS(L10-C10) -> 0
A11: HU02 | B11: V | C11: =Avaliacao_Humana!T4 -> 0 | D11: =ChatGPT_ZeroShot!T4 -> 0 | E11: =ChatGPT_FewShot!T4 -> 0 | F11: =ChatGPT_CoT!T4 -> 0 | G11: =Gemini_ZeroShot!T4 -> 0 | H11: =Gemini_FewShot!T4 -> 0 | I11: =Gemini_CoT!T4 -> 0 | J11: =Claude_ZeroShot!T4 -> 0 | K11: =Claude_FewShot!T4 -> 0 | L11: =Claude_CoT!T4 -> 0 | M11: =ABS(D11-C11) -> 0 | N11: =ABS(E11-C11) -> 0 | O11: =ABS(F11-C11) -> 0 | P11: =ABS(G11-C11) -> 0 | Q11: =ABS(H11-C11) -> 0 | R11: =ABS(I11-C11) -> 0 | S11: =ABS(J11-C11) -> 0 | T11: =ABS(K11-C11) -> 0 | U11: =ABS(L11-C11) -> 0
A12: HU02 | B12: E | C12: =Avaliacao_Humana!Z4 -> 0 | D12: =ChatGPT_ZeroShot!Z4 -> 0 | E12: =ChatGPT_FewShot!Z4 -> 0 | F12: =ChatGPT_CoT!Z4 -> 0 | G12: =Gemini_ZeroShot!Z4 -> 0 | H12: =Gemini_FewShot!Z4 -> 0 | I12: =Gemini_CoT!Z4 -> 0 | J12: =Claude_ZeroShot!Z4 -> 0 | K12: =Claude_FewShot!Z4 -> 0 | L12: =Claude_CoT!Z4 -> 0 | M12: =ABS(D12-C12) -> 0 | N12: =ABS(E12-C12) -> 0 | O12: =ABS(F12-C12) -> 0 | P12: =ABS(G12-C12) -> 0 | Q12: =ABS(H12-C12) -> 0 | R12: =ABS(I12-C12) -> 0 | S12: =ABS(J12-C12) -> 0 | T12: =ABS(K12-C12) -> 0 | U12: =ABS(L12-C12) -> 0
A13: HU02 | B13: S | C13: =Avaliacao_Humana!AF4 -> 0 | D13: =ChatGPT_ZeroShot!AF4 -> 0 | E13: =ChatGPT_FewShot!AF4 -> 0 | F13: =ChatGPT_CoT!AF4 -> 0 | G13: =Gemini_ZeroShot!AF4 -> 0 | H13: =Gemini_FewShot!AF4 -> 0 | I13: =Gemini_CoT!AF4 -> 0 | J13: =Claude_ZeroShot!AF4 -> 0 | K13: =Claude_FewShot!AF4 -> 0 | L13: =Claude_CoT!AF4 -> 0 | M13: =ABS(D13-C13) -> 0 | N13: =ABS(E13-C13) -> 0 | O13: =ABS(F13-C13) -> 0 | P13: =ABS(G13-C13) -> 0 | Q13: =ABS(H13-C13) -> 0 | R13: =ABS(I13-C13) -> 0 | S13: =ABS(J13-C13) -> 0 | T13: =ABS(K13-C13) -> 0 | U13: =ABS(L13-C13) -> 0
A14: HU02 | B14: T | C14: =Avaliacao_Humana!AL4 -> 2 | D14: =ChatGPT_ZeroShot!AL4 -> 4 | E14: =ChatGPT_FewShot!AL4 -> 2 | F14: =ChatGPT_CoT!AL4 -> 4 | G14: =Gemini_ZeroShot!AL4 -> 0 | H14: =Gemini_FewShot!AL4 -> 4 | I14: =Gemini_CoT!AL4 -> 0 | J14: =Claude_ZeroShot!AL4 -> 4 | K14: =Claude_FewShot!AL4 -> 0 | L14: =Claude_CoT!AL4 -> 0 | M14: =ABS(D14-C14) -> 2 | N14: =ABS(E14-C14) -> 0 | O14: =ABS(F14-C14) -> 2 | P14: =ABS(G14-C14) -> 2 | Q14: =ABS(H14-C14) -> 2 | R14: =ABS(I14-C14) -> 2 | S14: =ABS(J14-C14) -> 2 | T14: =ABS(K14-C14) -> 2 | U14: =ABS(L14-C14) -> 2
A15: HU03 | B15: I | C15: =Avaliacao_Humana!H5 -> 1 | D15: =ChatGPT_ZeroShot!H5 -> 1 | E15: =ChatGPT_FewShot!H5 -> 0 | F15: =ChatGPT_CoT!H5 -> 1 | G15: =Gemini_ZeroShot!H5 -> 0 | H15: =Gemini_FewShot!H5 -> 0 | I15: =Gemini_CoT!H5 -> 0 | J15: =Claude_ZeroShot!H5 -> 0 | K15: =Claude_FewShot!H5 -> 0 | L15: =Claude_CoT!H5 -> 0 | M15: =ABS(D15-C15) -> 0 | N15: =ABS(E15-C15) -> 1 | O15: =ABS(F15-C15) -> 0 | P15: =ABS(G15-C15) -> 1 | Q15: =ABS(H15-C15) -> 1 | R15: =ABS(I15-C15) -> 1 | S15: =ABS(J15-C15) -> 1 | T15: =ABS(K15-C15) -> 1 | U15: =ABS(L15-C15) -> 1
A16: HU03 | B16: N | C16: =Avaliacao_Humana!N5 -> 0 | D16: =ChatGPT_ZeroShot!N5 -> 0 | E16: =ChatGPT_FewShot!N5 -> 0 | F16: =ChatGPT_CoT!N5 -> 0 | G16: =Gemini_ZeroShot!N5 -> 0 | H16: =Gemini_FewShot!N5 -> 0 | I16: =Gemini_CoT!N5 -> 0 | J16: =Claude_ZeroShot!N5 -> 0 | K16: =Claude_FewShot!N5 -> 0 | L16: =Claude_CoT!N5 -> 0 | M16: =ABS(D16-C16) -> 0 | N16: =ABS(E16-C16) -> 0 | O16: =ABS(F16-C16) -> 0 | P16: =ABS(G16-C16) -> 0 | Q16: =ABS(H16-C16) -> 0 | R16: =ABS(I16-C16) -> 0 | S16: =ABS(J16-C16) -> 0 | T16: =ABS(K16-C16) -> 0 | U16: =ABS(L16-C16) -> 0
A17: HU03 | B17: V | C17: =Avaliacao_Humana!T5 -> 0 | D17: =ChatGPT_ZeroShot!T5 -> 0 | E17: =ChatGPT_FewShot!T5 -> 0 | F17: =ChatGPT_CoT!T5 -> 0 | G17: =Gemini_ZeroShot!T5 -> 0 | H17: =Gemini_FewShot!T5 -> 1 | I17: =Gemini_CoT!T5 -> 0 | J17: =Claude_ZeroShot!T5 -> 1 | K17: =Claude_FewShot!T5 -> 0 | L17: =Claude_CoT!T5 -> 0 | M17: =ABS(D17-C17) -> 0 | N17: =ABS(E17-C17) -> 0 | O17: =ABS(F17-C17) -> 0 | P17: =ABS(G17-C17) -> 0 | Q17: =ABS(H17-C17) -> 1 | R17: =ABS(I17-C17) -> 0 | S17: =ABS(J17-C17) -> 1 | T17: =ABS(K17-C17) -> 0 | U17: =ABS(L17-C17) -> 0
A18: HU03 | B18: E | C18: =Avaliacao_Humana!Z5 -> 0 | D18: =ChatGPT_ZeroShot!Z5 -> 1 | E18: =ChatGPT_FewShot!Z5 -> 0 | F18: =ChatGPT_CoT!Z5 -> 1 | G18: =Gemini_ZeroShot!Z5 -> 0 | H18: =Gemini_FewShot!Z5 -> 0 | I18: =Gemini_CoT!Z5 -> 0 | J18: =Claude_ZeroShot!Z5 -> 1 | K18: =Claude_FewShot!Z5 -> 1 | L18: =Claude_CoT!Z5 -> 0 | M18: =ABS(D18-C18) -> 1 | N18: =ABS(E18-C18) -> 0 | O18: =ABS(F18-C18) -> 1 | P18: =ABS(G18-C18) -> 0 | Q18: =ABS(H18-C18) -> 0 | R18: =ABS(I18-C18) -> 0 | S18: =ABS(J18-C18) -> 1 | T18: =ABS(K18-C18) -> 1 | U18: =ABS(L18-C18) -> 0
A19: HU03 | B19: S | C19: =Avaliacao_Humana!AF5 -> 0 | D19: =ChatGPT_ZeroShot!AF5 -> 0 | E19: =ChatGPT_FewShot!AF5 -> 0 | F19: =ChatGPT_CoT!AF5 -> 0 | G19: =Gemini_ZeroShot!AF5 -> 0 | H19: =Gemini_FewShot!AF5 -> 0 | I19: =Gemini_CoT!AF5 -> 0 | J19: =Claude_ZeroShot!AF5 -> 0 | K19: =Claude_FewShot!AF5 -> 0 | L19: =Claude_CoT!AF5 -> 0 | M19: =ABS(D19-C19) -> 0 | N19: =ABS(E19-C19) -> 0 | O19: =ABS(F19-C19) -> 0 | P19: =ABS(G19-C19) -> 0 | Q19: =ABS(H19-C19) -> 0 | R19: =ABS(I19-C19) -> 0 | S19: =ABS(J19-C19) -> 0 | T19: =ABS(K19-C19) -> 0 | U19: =ABS(L19-C19) -> 0
A20: HU03 | B20: T | C20: =Avaliacao_Humana!AL5 -> 3 | D20: =ChatGPT_ZeroShot!AL5 -> 4 | E20: =ChatGPT_FewShot!AL5 -> 1 | F20: =ChatGPT_CoT!AL5 -> 4 | G20: =Gemini_ZeroShot!AL5 -> 0 | H20: =Gemini_FewShot!AL5 -> 4 | I20: =Gemini_CoT!AL5 -> 0 | J20: =Claude_ZeroShot!AL5 -> 4 | K20: =Claude_FewShot!AL5 -> 0 | L20: =Claude_CoT!AL5 -> 0 | M20: =ABS(D20-C20) -> 1 | N20: =ABS(E20-C20) -> 2 | O20: =ABS(F20-C20) -> 1 | P20: =ABS(G20-C20) -> 3 | Q20: =ABS(H20-C20) -> 1 | R20: =ABS(I20-C20) -> 3 | S20: =ABS(J20-C20) -> 1 | T20: =ABS(K20-C20) -> 3 | U20: =ABS(L20-C20) -> 3
A21: HU04 | B21: I | C21: =Avaliacao_Humana!H6 -> 0 | D21: =ChatGPT_ZeroShot!H6 -> 0 | E21: =ChatGPT_FewShot!H6 -> 0 | F21: =ChatGPT_CoT!H6 -> 0 | G21: =Gemini_ZeroShot!H6 -> 0 | H21: =Gemini_FewShot!H6 -> 0 | I21: =Gemini_CoT!H6 -> 0 | J21: =Claude_ZeroShot!H6 -> 0 | K21: =Claude_FewShot!H6 -> 0 | L21: =Claude_CoT!H6 -> 0 | M21: =ABS(D21-C21) -> 0 | N21: =ABS(E21-C21) -> 0 | O21: =ABS(F21-C21) -> 0 | P21: =ABS(G21-C21) -> 0 | Q21: =ABS(H21-C21) -> 0 | R21: =ABS(I21-C21) -> 0 | S21: =ABS(J21-C21) -> 0 | T21: =ABS(K21-C21) -> 0 | U21: =ABS(L21-C21) -> 0
A22: HU04 | B22: N | C22: =Avaliacao_Humana!N6 -> 0 | D22: =ChatGPT_ZeroShot!N6 -> 0 | E22: =ChatGPT_FewShot!N6 -> 0 | F22: =ChatGPT_CoT!N6 -> 0 | G22: =Gemini_ZeroShot!N6 -> 0 | H22: =Gemini_FewShot!N6 -> 0 | I22: =Gemini_CoT!N6 -> 0 | J22: =Claude_ZeroShot!N6 -> 0 | K22: =Claude_FewShot!N6 -> 0 | L22: =Claude_CoT!N6 -> 0 | M22: =ABS(D22-C22) -> 0 | N22: =ABS(E22-C22) -> 0 | O22: =ABS(F22-C22) -> 0 | P22: =ABS(G22-C22) -> 0 | Q22: =ABS(H22-C22) -> 0 | R22: =ABS(I22-C22) -> 0 | S22: =ABS(J22-C22) -> 0 | T22: =ABS(K22-C22) -> 0 | U22: =ABS(L22-C22) -> 0
A23: HU04 | B23: V | C23: =Avaliacao_Humana!T6 -> 2 | D23: =ChatGPT_ZeroShot!T6 -> 1 | E23: =ChatGPT_FewShot!T6 -> 1 | F23: =ChatGPT_CoT!T6 -> 1 | G23: =Gemini_ZeroShot!T6 -> 1 | H23: =Gemini_FewShot!T6 -> 1 | I23: =Gemini_CoT!T6 -> 1 | J23: =Claude_ZeroShot!T6 -> 1 | K23: =Claude_FewShot!T6 -> 1 | L23: =Claude_CoT!T6 -> 1 | M23: =ABS(D23-C23) -> 1 | N23: =ABS(E23-C23) -> 1 | O23: =ABS(F23-C23) -> 1 | P23: =ABS(G23-C23) -> 1 | Q23: =ABS(H23-C23) -> 1 | R23: =ABS(I23-C23) -> 1 | S23: =ABS(J23-C23) -> 1 | T23: =ABS(K23-C23) -> 1 | U23: =ABS(L23-C23) -> 1
A24: HU04 | B24: E | C24: =Avaliacao_Humana!Z6 -> 1 | D24: =ChatGPT_ZeroShot!Z6 -> 1 | E24: =ChatGPT_FewShot!Z6 -> 0 | F24: =ChatGPT_CoT!Z6 -> 1 | G24: =Gemini_ZeroShot!Z6 -> 0 | H24: =Gemini_FewShot!Z6 -> 0 | I24: =Gemini_CoT!Z6 -> 0 | J24: =Claude_ZeroShot!Z6 -> 1 | K24: =Claude_FewShot!Z6 -> 0 | L24: =Claude_CoT!Z6 -> 1 | M24: =ABS(D24-C24) -> 0 | N24: =ABS(E24-C24) -> 1 | O24: =ABS(F24-C24) -> 0 | P24: =ABS(G24-C24) -> 1 | Q24: =ABS(H24-C24) -> 1 | R24: =ABS(I24-C24) -> 1 | S24: =ABS(J24-C24) -> 0 | T24: =ABS(K24-C24) -> 1 | U24: =ABS(L24-C24) -> 0
A25: HU04 | B25: S | C25: =Avaliacao_Humana!AF6 -> 0 | D25: =ChatGPT_ZeroShot!AF6 -> 0 | E25: =ChatGPT_FewShot!AF6 -> 0 | F25: =ChatGPT_CoT!AF6 -> 0 | G25: =Gemini_ZeroShot!AF6 -> 0 | H25: =Gemini_FewShot!AF6 -> 0 | I25: =Gemini_CoT!AF6 -> 0 | J25: =Claude_ZeroShot!AF6 -> 0 | K25: =Claude_FewShot!AF6 -> 0 | L25: =Claude_CoT!AF6 -> 0 | M25: =ABS(D25-C25) -> 0 | N25: =ABS(E25-C25) -> 0 | O25: =ABS(F25-C25) -> 0 | P25: =ABS(G25-C25) -> 0 | Q25: =ABS(H25-C25) -> 0 | R25: =ABS(I25-C25) -> 0 | S25: =ABS(J25-C25) -> 0 | T25: =ABS(K25-C25) -> 0 | U25: =ABS(L25-C25) -> 0
A26: HU04 | B26: T | C26: =Avaliacao_Humana!AL6 -> 2 | D26: =ChatGPT_ZeroShot!AL6 -> 4 | E26: =ChatGPT_FewShot!AL6 -> 1 | F26: =ChatGPT_CoT!AL6 -> 4 | G26: =Gemini_ZeroShot!AL6 -> 0 | H26: =Gemini_FewShot!AL6 -> 4 | I26: =Gemini_CoT!AL6 -> 0 | J26: =Claude_ZeroShot!AL6 -> 4 | K26: =Claude_FewShot!AL6 -> 1 | L26: =Claude_CoT!AL6 -> 1 | M26: =ABS(D26-C26) -> 2 | N26: =ABS(E26-C26) -> 1 | O26: =ABS(F26-C26) -> 2 | P26: =ABS(G26-C26) -> 2 | Q26: =ABS(H26-C26) -> 2 | R26: =ABS(I26-C26) -> 2 | S26: =ABS(J26-C26) -> 2 | T26: =ABS(K26-C26) -> 1 | U26: =ABS(L26-C26) -> 1
A27: HU05 | B27: I | C27: =Avaliacao_Humana!H7 -> 1 | D27: =ChatGPT_ZeroShot!H7 -> 1 | E27: =ChatGPT_FewShot!H7 -> 0 | F27: =ChatGPT_CoT!H7 -> 1 | G27: =Gemini_ZeroShot!H7 -> 1 | H27: =Gemini_FewShot!H7 -> 1 | I27: =Gemini_CoT!H7 -> 1 | J27: =Claude_ZeroShot!H7 -> 1 | K27: =Claude_FewShot!H7 -> 1 | L27: =Claude_CoT!H7 -> 1 | M27: =ABS(D27-C27) -> 0 | N27: =ABS(E27-C27) -> 1 | O27: =ABS(F27-C27) -> 0 | P27: =ABS(G27-C27) -> 0 | Q27: =ABS(H27-C27) -> 0 | R27: =ABS(I27-C27) -> 0 | S27: =ABS(J27-C27) -> 0 | T27: =ABS(K27-C27) -> 0 | U27: =ABS(L27-C27) -> 0
A28: HU05 | B28: N | C28: =Avaliacao_Humana!N7 -> 2 | D28: =ChatGPT_ZeroShot!N7 -> 2 | E28: =ChatGPT_FewShot!N7 -> 1 | F28: =ChatGPT_CoT!N7 -> 1 | G28: =Gemini_ZeroShot!N7 -> 1 | H28: =Gemini_FewShot!N7 -> 1 | I28: =Gemini_CoT!N7 -> 1 | J28: =Claude_ZeroShot!N7 -> 1 | K28: =Claude_FewShot!N7 -> 1 | L28: =Claude_CoT!N7 -> 1 | M28: =ABS(D28-C28) -> 0 | N28: =ABS(E28-C28) -> 1 | O28: =ABS(F28-C28) -> 1 | P28: =ABS(G28-C28) -> 1 | Q28: =ABS(H28-C28) -> 1 | R28: =ABS(I28-C28) -> 1 | S28: =ABS(J28-C28) -> 1 | T28: =ABS(K28-C28) -> 1 | U28: =ABS(L28-C28) -> 1
A29: HU05 | B29: V | C29: =Avaliacao_Humana!T7 -> 1 | D29: =ChatGPT_ZeroShot!T7 -> 2 | E29: =ChatGPT_FewShot!T7 -> 0 | F29: =ChatGPT_CoT!T7 -> 1 | G29: =Gemini_ZeroShot!T7 -> 0 | H29: =Gemini_FewShot!T7 -> 1 | I29: =Gemini_CoT!T7 -> 0 | J29: =Claude_ZeroShot!T7 -> 2 | K29: =Claude_FewShot!T7 -> 0 | L29: =Claude_CoT!T7 -> 1 | M29: =ABS(D29-C29) -> 1 | N29: =ABS(E29-C29) -> 1 | O29: =ABS(F29-C29) -> 0 | P29: =ABS(G29-C29) -> 1 | Q29: =ABS(H29-C29) -> 0 | R29: =ABS(I29-C29) -> 1 | S29: =ABS(J29-C29) -> 1 | T29: =ABS(K29-C29) -> 1 | U29: =ABS(L29-C29) -> 0
A30: HU05 | B30: E | C30: =Avaliacao_Humana!Z7 -> 1 | D30: =ChatGPT_ZeroShot!Z7 -> 0 | E30: =ChatGPT_FewShot!Z7 -> 0 | F30: =ChatGPT_CoT!Z7 -> 0 | G30: =Gemini_ZeroShot!Z7 -> 0 | H30: =Gemini_FewShot!Z7 -> 0 | I30: =Gemini_CoT!Z7 -> 0 | J30: =Claude_ZeroShot!Z7 -> 1 | K30: =Claude_FewShot!Z7 -> 0 | L30: =Claude_CoT!Z7 -> 0 | M30: =ABS(D30-C30) -> 1 | N30: =ABS(E30-C30) -> 1 | O30: =ABS(F30-C30) -> 1 | P30: =ABS(G30-C30) -> 1 | Q30: =ABS(H30-C30) -> 1 | R30: =ABS(I30-C30) -> 1 | S30: =ABS(J30-C30) -> 0 | T30: =ABS(K30-C30) -> 1 | U30: =ABS(L30-C30) -> 1
A31: HU05 | B31: S | C31: =Avaliacao_Humana!AF7 -> 0 | D31: =ChatGPT_ZeroShot!AF7 -> 0 | E31: =ChatGPT_FewShot!AF7 -> 0 | F31: =ChatGPT_CoT!AF7 -> 0 | G31: =Gemini_ZeroShot!AF7 -> 0 | H31: =Gemini_FewShot!AF7 -> 0 | I31: =Gemini_CoT!AF7 -> 0 | J31: =Claude_ZeroShot!AF7 -> 1 | K31: =Claude_FewShot!AF7 -> 0 | L31: =Claude_CoT!AF7 -> 0 | M31: =ABS(D31-C31) -> 0 | N31: =ABS(E31-C31) -> 0 | O31: =ABS(F31-C31) -> 0 | P31: =ABS(G31-C31) -> 0 | Q31: =ABS(H31-C31) -> 0 | R31: =ABS(I31-C31) -> 0 | S31: =ABS(J31-C31) -> 1 | T31: =ABS(K31-C31) -> 0 | U31: =ABS(L31-C31) -> 0
A32: HU05 | B32: T | C32: =Avaliacao_Humana!AL7 -> 3 | D32: =ChatGPT_ZeroShot!AL7 -> 4 | E32: =ChatGPT_FewShot!AL7 -> 1 | F32: =ChatGPT_CoT!AL7 -> 4 | G32: =Gemini_ZeroShot!AL7 -> 0 | H32: =Gemini_FewShot!AL7 -> 5 | I32: =Gemini_CoT!AL7 -> 0 | J32: =Claude_ZeroShot!AL7 -> 4 | K32: =Claude_FewShot!AL7 -> 0 | L32: =Claude_CoT!AL7 -> 0 | M32: =ABS(D32-C32) -> 1 | N32: =ABS(E32-C32) -> 2 | O32: =ABS(F32-C32) -> 1 | P32: =ABS(G32-C32) -> 3 | Q32: =ABS(H32-C32) -> 2 | R32: =ABS(I32-C32) -> 3 | S32: =ABS(J32-C32) -> 1 | T32: =ABS(K32-C32) -> 3 | U32: =ABS(L32-C32) -> 3
A33: HU06 | B33: I | C33: =Avaliacao_Humana!H8 -> 0 | D33: =ChatGPT_ZeroShot!H8 -> 0 | E33: =ChatGPT_FewShot!H8 -> 0 | F33: =ChatGPT_CoT!H8 -> 0 | G33: =Gemini_ZeroShot!H8 -> 0 | H33: =Gemini_FewShot!H8 -> 0 | I33: =Gemini_CoT!H8 -> 0 | J33: =Claude_ZeroShot!H8 -> 0 | K33: =Claude_FewShot!H8 -> 0 | L33: =Claude_CoT!H8 -> 0 | M33: =ABS(D33-C33) -> 0 | N33: =ABS(E33-C33) -> 0 | O33: =ABS(F33-C33) -> 0 | P33: =ABS(G33-C33) -> 0 | Q33: =ABS(H33-C33) -> 0 | R33: =ABS(I33-C33) -> 0 | S33: =ABS(J33-C33) -> 0 | T33: =ABS(K33-C33) -> 0 | U33: =ABS(L33-C33) -> 0
A34: HU06 | B34: N | C34: =Avaliacao_Humana!N8 -> 0 | D34: =ChatGPT_ZeroShot!N8 -> 0 | E34: =ChatGPT_FewShot!N8 -> 0 | F34: =ChatGPT_CoT!N8 -> 0 | G34: =Gemini_ZeroShot!N8 -> 0 | H34: =Gemini_FewShot!N8 -> 0 | I34: =Gemini_CoT!N8 -> 0 | J34: =Claude_ZeroShot!N8 -> 0 | K34: =Claude_FewShot!N8 -> 0 | L34: =Claude_CoT!N8 -> 0 | M34: =ABS(D34-C34) -> 0 | N34: =ABS(E34-C34) -> 0 | O34: =ABS(F34-C34) -> 0 | P34: =ABS(G34-C34) -> 0 | Q34: =ABS(H34-C34) -> 0 | R34: =ABS(I34-C34) -> 0 | S34: =ABS(J34-C34) -> 0 | T34: =ABS(K34-C34) -> 0 | U34: =ABS(L34-C34) -> 0
A35: HU06 | B35: V | C35: =Avaliacao_Humana!T8 -> 0 | D35: =ChatGPT_ZeroShot!T8 -> 0 | E35: =ChatGPT_FewShot!T8 -> 0 | F35: =ChatGPT_CoT!T8 -> 1 | G35: =Gemini_ZeroShot!T8 -> 0 | H35: =Gemini_FewShot!T8 -> 1 | I35: =Gemini_CoT!T8 -> 0 | J35: =Claude_ZeroShot!T8 -> 1 | K35: =Claude_FewShot!T8 -> 0 | L35: =Claude_CoT!T8 -> 1 | M35: =ABS(D35-C35) -> 0 | N35: =ABS(E35-C35) -> 0 | O35: =ABS(F35-C35) -> 1 | P35: =ABS(G35-C35) -> 0 | Q35: =ABS(H35-C35) -> 1 | R35: =ABS(I35-C35) -> 0 | S35: =ABS(J35-C35) -> 1 | T35: =ABS(K35-C35) -> 0 | U35: =ABS(L35-C35) -> 1
A36: HU06 | B36: E | C36: =Avaliacao_Humana!Z8 -> 3 | D36: =ChatGPT_ZeroShot!Z8 -> 2 | E36: =ChatGPT_FewShot!Z8 -> 2 | F36: =ChatGPT_CoT!Z8 -> 2 | G36: =Gemini_ZeroShot!Z8 -> 2 | H36: =Gemini_FewShot!Z8 -> 2 | I36: =Gemini_CoT!Z8 -> 2 | J36: =Claude_ZeroShot!Z8 -> 3 | K36: =Claude_FewShot!Z8 -> 2 | L36: =Claude_CoT!Z8 -> 2 | M36: =ABS(D36-C36) -> 1 | N36: =ABS(E36-C36) -> 1 | O36: =ABS(F36-C36) -> 1 | P36: =ABS(G36-C36) -> 1 | Q36: =ABS(H36-C36) -> 1 | R36: =ABS(I36-C36) -> 1 | S36: =ABS(J36-C36) -> 0 | T36: =ABS(K36-C36) -> 1 | U36: =ABS(L36-C36) -> 1
A37: HU06 | B37: S | C37: =Avaliacao_Humana!AF8 -> 0 | D37: =ChatGPT_ZeroShot!AF8 -> 0 | E37: =ChatGPT_FewShot!AF8 -> 0 | F37: =ChatGPT_CoT!AF8 -> 0 | G37: =Gemini_ZeroShot!AF8 -> 0 | H37: =Gemini_FewShot!AF8 -> 0 | I37: =Gemini_CoT!AF8 -> 0 | J37: =Claude_ZeroShot!AF8 -> 0 | K37: =Claude_FewShot!AF8 -> 0 | L37: =Claude_CoT!AF8 -> 0 | M37: =ABS(D37-C37) -> 0 | N37: =ABS(E37-C37) -> 0 | O37: =ABS(F37-C37) -> 0 | P37: =ABS(G37-C37) -> 0 | Q37: =ABS(H37-C37) -> 0 | R37: =ABS(I37-C37) -> 0 | S37: =ABS(J37-C37) -> 0 | T37: =ABS(K37-C37) -> 0 | U37: =ABS(L37-C37) -> 0
A38: HU06 | B38: T | C38: =Avaliacao_Humana!AL8 -> 2 | D38: =ChatGPT_ZeroShot!AL8 -> 5 | E38: =ChatGPT_FewShot!AL8 -> 2 | F38: =ChatGPT_CoT!AL8 -> 5 | G38: =Gemini_ZeroShot!AL8 -> 1 | H38: =Gemini_FewShot!AL8 -> 5 | I38: =Gemini_CoT!AL8 -> 1 | J38: =Claude_ZeroShot!AL8 -> 5 | K38: =Claude_FewShot!AL8 -> 1 | L38: =Claude_CoT!AL8 -> 1 | M38: =ABS(D38-C38) -> 3 | N38: =ABS(E38-C38) -> 0 | O38: =ABS(F38-C38) -> 3 | P38: =ABS(G38-C38) -> 1 | Q38: =ABS(H38-C38) -> 3 | R38: =ABS(I38-C38) -> 1 | S38: =ABS(J38-C38) -> 3 | T38: =ABS(K38-C38) -> 1 | U38: =ABS(L38-C38) -> 1
A39: HU07 | B39: I | C39: =Avaliacao_Humana!H9 -> 1 | D39: =ChatGPT_ZeroShot!H9 -> 1 | E39: =ChatGPT_FewShot!H9 -> 1 | F39: =ChatGPT_CoT!H9 -> 1 | G39: =Gemini_ZeroShot!H9 -> 1 | H39: =Gemini_FewShot!H9 -> 1 | I39: =Gemini_CoT!H9 -> 1 | J39: =Claude_ZeroShot!H9 -> 1 | K39: =Claude_FewShot!H9 -> 1 | L39: =Claude_CoT!H9 -> 1 | M39: =ABS(D39-C39) -> 0 | N39: =ABS(E39-C39) -> 0 | O39: =ABS(F39-C39) -> 0 | P39: =ABS(G39-C39) -> 0 | Q39: =ABS(H39-C39) -> 0 | R39: =ABS(I39-C39) -> 0 | S39: =ABS(J39-C39) -> 0 | T39: =ABS(K39-C39) -> 0 | U39: =ABS(L39-C39) -> 0
A40: HU07 | B40: N | C40: =Avaliacao_Humana!N9 -> 0 | D40: =ChatGPT_ZeroShot!N9 -> 0 | E40: =ChatGPT_FewShot!N9 -> 0 | F40: =ChatGPT_CoT!N9 -> 0 | G40: =Gemini_ZeroShot!N9 -> 0 | H40: =Gemini_FewShot!N9 -> 0 | I40: =Gemini_CoT!N9 -> 0 | J40: =Claude_ZeroShot!N9 -> 0 | K40: =Claude_FewShot!N9 -> 0 | L40: =Claude_CoT!N9 -> 0 | M40: =ABS(D40-C40) -> 0 | N40: =ABS(E40-C40) -> 0 | O40: =ABS(F40-C40) -> 0 | P40: =ABS(G40-C40) -> 0 | Q40: =ABS(H40-C40) -> 0 | R40: =ABS(I40-C40) -> 0 | S40: =ABS(J40-C40) -> 0 | T40: =ABS(K40-C40) -> 0 | U40: =ABS(L40-C40) -> 0
A41: HU07 | B41: V | C41: =Avaliacao_Humana!T9 -> 1 | D41: =ChatGPT_ZeroShot!T9 -> 3 | E41: =ChatGPT_FewShot!T9 -> 0 | F41: =ChatGPT_CoT!T9 -> 2 | G41: =Gemini_ZeroShot!T9 -> 0 | H41: =Gemini_FewShot!T9 -> 2 | I41: =Gemini_CoT!T9 -> 0 | J41: =Claude_ZeroShot!T9 -> 1 | K41: =Claude_FewShot!T9 -> 0 | L41: =Claude_CoT!T9 -> 1 | M41: =ABS(D41-C41) -> 2 | N41: =ABS(E41-C41) -> 1 | O41: =ABS(F41-C41) -> 1 | P41: =ABS(G41-C41) -> 1 | Q41: =ABS(H41-C41) -> 1 | R41: =ABS(I41-C41) -> 1 | S41: =ABS(J41-C41) -> 0 | T41: =ABS(K41-C41) -> 1 | U41: =ABS(L41-C41) -> 0
A42: HU07 | B42: E | C42: =Avaliacao_Humana!Z9 -> 0 | D42: =ChatGPT_ZeroShot!Z9 -> 0 | E42: =ChatGPT_FewShot!Z9 -> 0 | F42: =ChatGPT_CoT!Z9 -> 0 | G42: =Gemini_ZeroShot!Z9 -> 0 | H42: =Gemini_FewShot!Z9 -> 0 | I42: =Gemini_CoT!Z9 -> 0 | J42: =Claude_ZeroShot!Z9 -> 1 | K42: =Claude_FewShot!Z9 -> 0 | L42: =Claude_CoT!Z9 -> 0 | M42: =ABS(D42-C42) -> 0 | N42: =ABS(E42-C42) -> 0 | O42: =ABS(F42-C42) -> 0 | P42: =ABS(G42-C42) -> 0 | Q42: =ABS(H42-C42) -> 0 | R42: =ABS(I42-C42) -> 0 | S42: =ABS(J42-C42) -> 1 | T42: =ABS(K42-C42) -> 0 | U42: =ABS(L42-C42) -> 0
A43: HU07 | B43: S | C43: =Avaliacao_Humana!AF9 -> 0 | D43: =ChatGPT_ZeroShot!AF9 -> 0 | E43: =ChatGPT_FewShot!AF9 -> 0 | F43: =ChatGPT_CoT!AF9 -> 0 | G43: =Gemini_ZeroShot!AF9 -> 0 | H43: =Gemini_FewShot!AF9 -> 0 | I43: =Gemini_CoT!AF9 -> 0 | J43: =Claude_ZeroShot!AF9 -> 0 | K43: =Claude_FewShot!AF9 -> 0 | L43: =Claude_CoT!AF9 -> 0 | M43: =ABS(D43-C43) -> 0 | N43: =ABS(E43-C43) -> 0 | O43: =ABS(F43-C43) -> 0 | P43: =ABS(G43-C43) -> 0 | Q43: =ABS(H43-C43) -> 0 | R43: =ABS(I43-C43) -> 0 | S43: =ABS(J43-C43) -> 0 | T43: =ABS(K43-C43) -> 0 | U43: =ABS(L43-C43) -> 0
A44: HU07 | B44: T | C44: =Avaliacao_Humana!AL9 -> 2 | D44: =ChatGPT_ZeroShot!AL9 -> 4 | E44: =ChatGPT_FewShot!AL9 -> 1 | F44: =ChatGPT_CoT!AL9 -> 4 | G44: =Gemini_ZeroShot!AL9 -> 0 | H44: =Gemini_FewShot!AL9 -> 4 | I44: =Gemini_CoT!AL9 -> 0 | J44: =Claude_ZeroShot!AL9 -> 4 | K44: =Claude_FewShot!AL9 -> 0 | L44: =Claude_CoT!AL9 -> 0 | M44: =ABS(D44-C44) -> 2 | N44: =ABS(E44-C44) -> 1 | O44: =ABS(F44-C44) -> 2 | P44: =ABS(G44-C44) -> 2 | Q44: =ABS(H44-C44) -> 2 | R44: =ABS(I44-C44) -> 2 | S44: =ABS(J44-C44) -> 2 | T44: =ABS(K44-C44) -> 2 | U44: =ABS(L44-C44) -> 2
A45: HU08 | B45: I | C45: =Avaliacao_Humana!H10 -> 0 | D45: =ChatGPT_ZeroShot!H10 -> 0 | E45: =ChatGPT_FewShot!H10 -> 0 | F45: =ChatGPT_CoT!H10 -> 0 | G45: =Gemini_ZeroShot!H10 -> 0 | H45: =Gemini_FewShot!H10 -> 0 | I45: =Gemini_CoT!H10 -> 0 | J45: =Claude_ZeroShot!H10 -> 0 | K45: =Claude_FewShot!H10 -> 0 | L45: =Claude_CoT!H10 -> 0 | M45: =ABS(D45-C45) -> 0 | N45: =ABS(E45-C45) -> 0 | O45: =ABS(F45-C45) -> 0 | P45: =ABS(G45-C45) -> 0 | Q45: =ABS(H45-C45) -> 0 | R45: =ABS(I45-C45) -> 0 | S45: =ABS(J45-C45) -> 0 | T45: =ABS(K45-C45) -> 0 | U45: =ABS(L45-C45) -> 0
A46: HU08 | B46: N | C46: =Avaliacao_Humana!N10 -> 0 | D46: =ChatGPT_ZeroShot!N10 -> 0 | E46: =ChatGPT_FewShot!N10 -> 0 | F46: =ChatGPT_CoT!N10 -> 0 | G46: =Gemini_ZeroShot!N10 -> 0 | H46: =Gemini_FewShot!N10 -> 0 | I46: =Gemini_CoT!N10 -> 0 | J46: =Claude_ZeroShot!N10 -> 0 | K46: =Claude_FewShot!N10 -> 0 | L46: =Claude_CoT!N10 -> 0 | M46: =ABS(D46-C46) -> 0 | N46: =ABS(E46-C46) -> 0 | O46: =ABS(F46-C46) -> 0 | P46: =ABS(G46-C46) -> 0 | Q46: =ABS(H46-C46) -> 0 | R46: =ABS(I46-C46) -> 0 | S46: =ABS(J46-C46) -> 0 | T46: =ABS(K46-C46) -> 0 | U46: =ABS(L46-C46) -> 0
A47: HU08 | B47: V | C47: =Avaliacao_Humana!T10 -> 1 | D47: =ChatGPT_ZeroShot!T10 -> 1 | E47: =ChatGPT_FewShot!T10 -> 0 | F47: =ChatGPT_CoT!T10 -> 1 | G47: =Gemini_ZeroShot!T10 -> 0 | H47: =Gemini_FewShot!T10 -> 1 | I47: =Gemini_CoT!T10 -> 0 | J47: =Claude_ZeroShot!T10 -> 1 | K47: =Claude_FewShot!T10 -> 0 | L47: =Claude_CoT!T10 -> 1 | M47: =ABS(D47-C47) -> 0 | N47: =ABS(E47-C47) -> 1 | O47: =ABS(F47-C47) -> 0 | P47: =ABS(G47-C47) -> 1 | Q47: =ABS(H47-C47) -> 0 | R47: =ABS(I47-C47) -> 1 | S47: =ABS(J47-C47) -> 0 | T47: =ABS(K47-C47) -> 1 | U47: =ABS(L47-C47) -> 0
A48: HU08 | B48: E | C48: =Avaliacao_Humana!Z10 -> 0 | D48: =ChatGPT_ZeroShot!Z10 -> 1 | E48: =ChatGPT_FewShot!Z10 -> 1 | F48: =ChatGPT_CoT!Z10 -> 1 | G48: =Gemini_ZeroShot!Z10 -> 1 | H48: =Gemini_FewShot!Z10 -> 1 | I48: =Gemini_CoT!Z10 -> 1 | J48: =Claude_ZeroShot!Z10 -> 1 | K48: =Claude_FewShot!Z10 -> 1 | L48: =Claude_CoT!Z10 -> 1 | M48: =ABS(D48-C48) -> 1 | N48: =ABS(E48-C48) -> 1 | O48: =ABS(F48-C48) -> 1 | P48: =ABS(G48-C48) -> 1 | Q48: =ABS(H48-C48) -> 1 | R48: =ABS(I48-C48) -> 1 | S48: =ABS(J48-C48) -> 1 | T48: =ABS(K48-C48) -> 1 | U48: =ABS(L48-C48) -> 1
A49: HU08 | B49: S | C49: =Avaliacao_Humana!AF10 -> 0 | D49: =ChatGPT_ZeroShot!AF10 -> 0 | E49: =ChatGPT_FewShot!AF10 -> 0 | F49: =ChatGPT_CoT!AF10 -> 0 | G49: =Gemini_ZeroShot!AF10 -> 0 | H49: =Gemini_FewShot!AF10 -> 0 | I49: =Gemini_CoT!AF10 -> 0 | J49: =Claude_ZeroShot!AF10 -> 0 | K49: =Claude_FewShot!AF10 -> 0 | L49: =Claude_CoT!AF10 -> 0 | M49: =ABS(D49-C49) -> 0 | N49: =ABS(E49-C49) -> 0 | O49: =ABS(F49-C49) -> 0 | P49: =ABS(G49-C49) -> 0 | Q49: =ABS(H49-C49) -> 0 | R49: =ABS(I49-C49) -> 0 | S49: =ABS(J49-C49) -> 0 | T49: =ABS(K49-C49) -> 0 | U49: =ABS(L49-C49) -> 0
A50: HU08 | B50: T | C50: =Avaliacao_Humana!AL10 -> 2 | D50: =ChatGPT_ZeroShot!AL10 -> 4 | E50: =ChatGPT_FewShot!AL10 -> 1 | F50: =ChatGPT_CoT!AL10 -> 4 | G50: =Gemini_ZeroShot!AL10 -> 0 | H50: =Gemini_FewShot!AL10 -> 4 | I50: =Gemini_CoT!AL10 -> 0 | J50: =Claude_ZeroShot!AL10 -> 4 | K50: =Claude_FewShot!AL10 -> 0 | L50: =Claude_CoT!AL10 -> 0 | M50: =ABS(D50-C50) -> 2 | N50: =ABS(E50-C50) -> 1 | O50: =ABS(F50-C50) -> 2 | P50: =ABS(G50-C50) -> 2 | Q50: =ABS(H50-C50) -> 2 | R50: =ABS(I50-C50) -> 2 | S50: =ABS(J50-C50) -> 2 | T50: =ABS(K50-C50) -> 2 | U50: =ABS(L50-C50) -> 2
A51: HU09 | B51: I | C51: =Avaliacao_Humana!H11 -> 2 | D51: =ChatGPT_ZeroShot!H11 -> 1 | E51: =ChatGPT_FewShot!H11 -> 0 | F51: =ChatGPT_CoT!H11 -> 1 | G51: =Gemini_ZeroShot!H11 -> 1 | H51: =Gemini_FewShot!H11 -> 1 | I51: =Gemini_CoT!H11 -> 1 | J51: =Claude_ZeroShot!H11 -> 1 | K51: =Claude_FewShot!H11 -> 1 | L51: =Claude_CoT!H11 -> 2 | M51: =ABS(D51-C51) -> 1 | N51: =ABS(E51-C51) -> 2 | O51: =ABS(F51-C51) -> 1 | P51: =ABS(G51-C51) -> 1 | Q51: =ABS(H51-C51) -> 1 | R51: =ABS(I51-C51) -> 1 | S51: =ABS(J51-C51) -> 1 | T51: =ABS(K51-C51) -> 1 | U51: =ABS(L51-C51) -> 0
A52: HU09 | B52: N | C52: =Avaliacao_Humana!N11 -> 0 | D52: =ChatGPT_ZeroShot!N11 -> 0 | E52: =ChatGPT_FewShot!N11 -> 0 | F52: =ChatGPT_CoT!N11 -> 0 | G52: =Gemini_ZeroShot!N11 -> 0 | H52: =Gemini_FewShot!N11 -> 0 | I52: =Gemini_CoT!N11 -> 0 | J52: =Claude_ZeroShot!N11 -> 0 | K52: =Claude_FewShot!N11 -> 0 | L52: =Claude_CoT!N11 -> 0 | M52: =ABS(D52-C52) -> 0 | N52: =ABS(E52-C52) -> 0 | O52: =ABS(F52-C52) -> 0 | P52: =ABS(G52-C52) -> 0 | Q52: =ABS(H52-C52) -> 0 | R52: =ABS(I52-C52) -> 0 | S52: =ABS(J52-C52) -> 0 | T52: =ABS(K52-C52) -> 0 | U52: =ABS(L52-C52) -> 0
A53: HU09 | B53: V | C53: =Avaliacao_Humana!T11 -> 1 | D53: =ChatGPT_ZeroShot!T11 -> 0 | E53: =ChatGPT_FewShot!T11 -> 0 | F53: =ChatGPT_CoT!T11 -> 0 | G53: =Gemini_ZeroShot!T11 -> 0 | H53: =Gemini_FewShot!T11 -> 1 | I53: =Gemini_CoT!T11 -> 0 | J53: =Claude_ZeroShot!T11 -> 1 | K53: =Claude_FewShot!T11 -> 0 | L53: =Claude_CoT!T11 -> 1 | M53: =ABS(D53-C53) -> 1 | N53: =ABS(E53-C53) -> 1 | O53: =ABS(F53-C53) -> 1 | P53: =ABS(G53-C53) -> 1 | Q53: =ABS(H53-C53) -> 0 | R53: =ABS(I53-C53) -> 1 | S53: =ABS(J53-C53) -> 0 | T53: =ABS(K53-C53) -> 1 | U53: =ABS(L53-C53) -> 0
A54: HU09 | B54: E | C54: =Avaliacao_Humana!Z11 -> 1 | D54: =ChatGPT_ZeroShot!Z11 -> 1 | E54: =ChatGPT_FewShot!Z11 -> 1 | F54: =ChatGPT_CoT!Z11 -> 1 | G54: =Gemini_ZeroShot!Z11 -> 1 | H54: =Gemini_FewShot!Z11 -> 1 | I54: =Gemini_CoT!Z11 -> 1 | J54: =Claude_ZeroShot!Z11 -> 1 | K54: =Claude_FewShot!Z11 -> 1 | L54: =Claude_CoT!Z11 -> 1 | M54: =ABS(D54-C54) -> 0 | N54: =ABS(E54-C54) -> 0 | O54: =ABS(F54-C54) -> 0 | P54: =ABS(G54-C54) -> 0 | Q54: =ABS(H54-C54) -> 0 | R54: =ABS(I54-C54) -> 0 | S54: =ABS(J54-C54) -> 0 | T54: =ABS(K54-C54) -> 0 | U54: =ABS(L54-C54) -> 0
A55: HU09 | B55: S | C55: =Avaliacao_Humana!AF11 -> 0 | D55: =ChatGPT_ZeroShot!AF11 -> 0 | E55: =ChatGPT_FewShot!AF11 -> 0 | F55: =ChatGPT_CoT!AF11 -> 0 | G55: =Gemini_ZeroShot!AF11 -> 0 | H55: =Gemini_FewShot!AF11 -> 0 | I55: =Gemini_CoT!AF11 -> 0 | J55: =Claude_ZeroShot!AF11 -> 0 | K55: =Claude_FewShot!AF11 -> 0 | L55: =Claude_CoT!AF11 -> 0 | M55: =ABS(D55-C55) -> 0 | N55: =ABS(E55-C55) -> 0 | O55: =ABS(F55-C55) -> 0 | P55: =ABS(G55-C55) -> 0 | Q55: =ABS(H55-C55) -> 0 | R55: =ABS(I55-C55) -> 0 | S55: =ABS(J55-C55) -> 0 | T55: =ABS(K55-C55) -> 0 | U55: =ABS(L55-C55) -> 0
A56: HU09 | B56: T | C56: =Avaliacao_Humana!AL11 -> 2 | D56: =ChatGPT_ZeroShot!AL11 -> 4 | E56: =ChatGPT_FewShot!AL11 -> 1 | F56: =ChatGPT_CoT!AL11 -> 4 | G56: =Gemini_ZeroShot!AL11 -> 0 | H56: =Gemini_FewShot!AL11 -> 4 | I56: =Gemini_CoT!AL11 -> 0 | J56: =Claude_ZeroShot!AL11 -> 4 | K56: =Claude_FewShot!AL11 -> 0 | L56: =Claude_CoT!AL11 -> 0 | M56: =ABS(D56-C56) -> 2 | N56: =ABS(E56-C56) -> 1 | O56: =ABS(F56-C56) -> 2 | P56: =ABS(G56-C56) -> 2 | Q56: =ABS(H56-C56) -> 2 | R56: =ABS(I56-C56) -> 2 | S56: =ABS(J56-C56) -> 2 | T56: =ABS(K56-C56) -> 2 | U56: =ABS(L56-C56) -> 2
A57: HU10 | B57: I | C57: =Avaliacao_Humana!H12 -> 0 | D57: =ChatGPT_ZeroShot!H12 -> 1 | E57: =ChatGPT_FewShot!H12 -> 0 | F57: =ChatGPT_CoT!H12 -> 1 | G57: =Gemini_ZeroShot!H12 -> 1 | H57: =Gemini_FewShot!H12 -> 1 | I57: =Gemini_CoT!H12 -> 1 | J57: =Claude_ZeroShot!H12 -> 1 | K57: =Claude_FewShot!H12 -> 1 | L57: =Claude_CoT!H12 -> 1 | M57: =ABS(D57-C57) -> 1 | N57: =ABS(E57-C57) -> 0 | O57: =ABS(F57-C57) -> 1 | P57: =ABS(G57-C57) -> 1 | Q57: =ABS(H57-C57) -> 1 | R57: =ABS(I57-C57) -> 1 | S57: =ABS(J57-C57) -> 1 | T57: =ABS(K57-C57) -> 1 | U57: =ABS(L57-C57) -> 1
A58: HU10 | B58: N | C58: =Avaliacao_Humana!N12 -> 1 | D58: =ChatGPT_ZeroShot!N12 -> 0 | E58: =ChatGPT_FewShot!N12 -> 0 | F58: =ChatGPT_CoT!N12 -> 0 | G58: =Gemini_ZeroShot!N12 -> 0 | H58: =Gemini_FewShot!N12 -> 0 | I58: =Gemini_CoT!N12 -> 0 | J58: =Claude_ZeroShot!N12 -> 0 | K58: =Claude_FewShot!N12 -> 0 | L58: =Claude_CoT!N12 -> 1 | M58: =ABS(D58-C58) -> 1 | N58: =ABS(E58-C58) -> 1 | O58: =ABS(F58-C58) -> 1 | P58: =ABS(G58-C58) -> 1 | Q58: =ABS(H58-C58) -> 1 | R58: =ABS(I58-C58) -> 1 | S58: =ABS(J58-C58) -> 1 | T58: =ABS(K58-C58) -> 1 | U58: =ABS(L58-C58) -> 0
A59: HU10 | B59: V | C59: =Avaliacao_Humana!T12 -> 1 | D59: =ChatGPT_ZeroShot!T12 -> 1 | E59: =ChatGPT_FewShot!T12 -> 0 | F59: =ChatGPT_CoT!T12 -> 0 | G59: =Gemini_ZeroShot!T12 -> 0 | H59: =Gemini_FewShot!T12 -> 0 | I59: =Gemini_CoT!T12 -> 0 | J59: =Claude_ZeroShot!T12 -> 1 | K59: =Claude_FewShot!T12 -> 0 | L59: =Claude_CoT!T12 -> 0 | M59: =ABS(D59-C59) -> 0 | N59: =ABS(E59-C59) -> 1 | O59: =ABS(F59-C59) -> 1 | P59: =ABS(G59-C59) -> 1 | Q59: =ABS(H59-C59) -> 1 | R59: =ABS(I59-C59) -> 1 | S59: =ABS(J59-C59) -> 0 | T59: =ABS(K59-C59) -> 1 | U59: =ABS(L59-C59) -> 1
A60: HU10 | B60: E | C60: =Avaliacao_Humana!Z12 -> 1 | D60: =ChatGPT_ZeroShot!Z12 -> 0 | E60: =ChatGPT_FewShot!Z12 -> 0 | F60: =ChatGPT_CoT!Z12 -> 0 | G60: =Gemini_ZeroShot!Z12 -> 0 | H60: =Gemini_FewShot!Z12 -> 1 | I60: =Gemini_CoT!Z12 -> 0 | J60: =Claude_ZeroShot!Z12 -> 2 | K60: =Claude_FewShot!Z12 -> 0 | L60: =Claude_CoT!Z12 -> 0 | M60: =ABS(D60-C60) -> 1 | N60: =ABS(E60-C60) -> 1 | O60: =ABS(F60-C60) -> 1 | P60: =ABS(G60-C60) -> 1 | Q60: =ABS(H60-C60) -> 0 | R60: =ABS(I60-C60) -> 1 | S60: =ABS(J60-C60) -> 1 | T60: =ABS(K60-C60) -> 1 | U60: =ABS(L60-C60) -> 1
A61: HU10 | B61: S | C61: =Avaliacao_Humana!AF12 -> 0 | D61: =ChatGPT_ZeroShot!AF12 -> 0 | E61: =ChatGPT_FewShot!AF12 -> 0 | F61: =ChatGPT_CoT!AF12 -> 0 | G61: =Gemini_ZeroShot!AF12 -> 0 | H61: =Gemini_FewShot!AF12 -> 0 | I61: =Gemini_CoT!AF12 -> 0 | J61: =Claude_ZeroShot!AF12 -> 0 | K61: =Claude_FewShot!AF12 -> 0 | L61: =Claude_CoT!AF12 -> 0 | M61: =ABS(D61-C61) -> 0 | N61: =ABS(E61-C61) -> 0 | O61: =ABS(F61-C61) -> 0 | P61: =ABS(G61-C61) -> 0 | Q61: =ABS(H61-C61) -> 0 | R61: =ABS(I61-C61) -> 0 | S61: =ABS(J61-C61) -> 0 | T61: =ABS(K61-C61) -> 0 | U61: =ABS(L61-C61) -> 0
A62: HU10 | B62: T | C62: =Avaliacao_Humana!AL12 -> 2 | D62: =ChatGPT_ZeroShot!AL12 -> 4 | E62: =ChatGPT_FewShot!AL12 -> 1 | F62: =ChatGPT_CoT!AL12 -> 4 | G62: =Gemini_ZeroShot!AL12 -> 0 | H62: =Gemini_FewShot!AL12 -> 5 | I62: =Gemini_CoT!AL12 -> 0 | J62: =Claude_ZeroShot!AL12 -> 3 | K62: =Claude_FewShot!AL12 -> 1 | L62: =Claude_CoT!AL12 -> 1 | M62: =ABS(D62-C62) -> 2 | N62: =ABS(E62-C62) -> 1 | O62: =ABS(F62-C62) -> 2 | P62: =ABS(G62-C62) -> 2 | Q62: =ABS(H62-C62) -> 3 | R62: =ABS(I62-C62) -> 2 | S62: =ABS(J62-C62) -> 1 | T62: =ABS(K62-C62) -> 1 | U62: =ABS(L62-C62) -> 1
A63: HU11 | B63: I | C63: =Avaliacao_Humana!H13 -> 0 | D63: =ChatGPT_ZeroShot!H13 -> 0 | E63: =ChatGPT_FewShot!H13 -> 0 | F63: =ChatGPT_CoT!H13 -> 0 | G63: =Gemini_ZeroShot!H13 -> 0 | H63: =Gemini_FewShot!H13 -> 0 | I63: =Gemini_CoT!H13 -> 0 | J63: =Claude_ZeroShot!H13 -> 0 | K63: =Claude_FewShot!H13 -> 0 | L63: =Claude_CoT!H13 -> 0 | M63: =ABS(D63-C63) -> 0 | N63: =ABS(E63-C63) -> 0 | O63: =ABS(F63-C63) -> 0 | P63: =ABS(G63-C63) -> 0 | Q63: =ABS(H63-C63) -> 0 | R63: =ABS(I63-C63) -> 0 | S63: =ABS(J63-C63) -> 0 | T63: =ABS(K63-C63) -> 0 | U63: =ABS(L63-C63) -> 0
A64: HU11 | B64: N | C64: =Avaliacao_Humana!N13 -> 0 | D64: =ChatGPT_ZeroShot!N13 -> 0 | E64: =ChatGPT_FewShot!N13 -> 0 | F64: =ChatGPT_CoT!N13 -> 0 | G64: =Gemini_ZeroShot!N13 -> 0 | H64: =Gemini_FewShot!N13 -> 0 | I64: =Gemini_CoT!N13 -> 0 | J64: =Claude_ZeroShot!N13 -> 0 | K64: =Claude_FewShot!N13 -> 0 | L64: =Claude_CoT!N13 -> 0 | M64: =ABS(D64-C64) -> 0 | N64: =ABS(E64-C64) -> 0 | O64: =ABS(F64-C64) -> 0 | P64: =ABS(G64-C64) -> 0 | Q64: =ABS(H64-C64) -> 0 | R64: =ABS(I64-C64) -> 0 | S64: =ABS(J64-C64) -> 0 | T64: =ABS(K64-C64) -> 0 | U64: =ABS(L64-C64) -> 0
A65: HU11 | B65: V | C65: =Avaliacao_Humana!T13 -> 0 | D65: =ChatGPT_ZeroShot!T13 -> 0 | E65: =ChatGPT_FewShot!T13 -> 0 | F65: =ChatGPT_CoT!T13 -> 0 | G65: =Gemini_ZeroShot!T13 -> 0 | H65: =Gemini_FewShot!T13 -> 1 | I65: =Gemini_CoT!T13 -> 0 | J65: =Claude_ZeroShot!T13 -> 1 | K65: =Claude_FewShot!T13 -> 0 | L65: =Claude_CoT!T13 -> 0 | M65: =ABS(D65-C65) -> 0 | N65: =ABS(E65-C65) -> 0 | O65: =ABS(F65-C65) -> 0 | P65: =ABS(G65-C65) -> 0 | Q65: =ABS(H65-C65) -> 1 | R65: =ABS(I65-C65) -> 0 | S65: =ABS(J65-C65) -> 1 | T65: =ABS(K65-C65) -> 0 | U65: =ABS(L65-C65) -> 0
A66: HU11 | B66: E | C66: =Avaliacao_Humana!Z13 -> 1 | D66: =ChatGPT_ZeroShot!Z13 -> 0 | E66: =ChatGPT_FewShot!Z13 -> 0 | F66: =ChatGPT_CoT!Z13 -> 0 | G66: =Gemini_ZeroShot!Z13 -> 0 | H66: =Gemini_FewShot!Z13 -> 1 | I66: =Gemini_CoT!Z13 -> 0 | J66: =Claude_ZeroShot!Z13 -> 1 | K66: =Claude_FewShot!Z13 -> 0 | L66: =Claude_CoT!Z13 -> 1 | M66: =ABS(D66-C66) -> 1 | N66: =ABS(E66-C66) -> 1 | O66: =ABS(F66-C66) -> 1 | P66: =ABS(G66-C66) -> 1 | Q66: =ABS(H66-C66) -> 0 | R66: =ABS(I66-C66) -> 1 | S66: =ABS(J66-C66) -> 0 | T66: =ABS(K66-C66) -> 1 | U66: =ABS(L66-C66) -> 0
A67: HU11 | B67: S | C67: =Avaliacao_Humana!AF13 -> 1 | D67: =ChatGPT_ZeroShot!AF13 -> 2 | E67: =ChatGPT_FewShot!AF13 -> 0 | F67: =ChatGPT_CoT!AF13 -> 1 | G67: =Gemini_ZeroShot!AF13 -> 0 | H67: =Gemini_FewShot!AF13 -> 1 | I67: =Gemini_CoT!AF13 -> 0 | J67: =Claude_ZeroShot!AF13 -> 1 | K67: =Claude_FewShot!AF13 -> 0 | L67: =Claude_CoT!AF13 -> 0 | M67: =ABS(D67-C67) -> 1 | N67: =ABS(E67-C67) -> 1 | O67: =ABS(F67-C67) -> 0 | P67: =ABS(G67-C67) -> 1 | Q67: =ABS(H67-C67) -> 0 | R67: =ABS(I67-C67) -> 1 | S67: =ABS(J67-C67) -> 0 | T67: =ABS(K67-C67) -> 1 | U67: =ABS(L67-C67) -> 1
A68: HU11 | B68: T | C68: =Avaliacao_Humana!AL13 -> 4 | D68: =ChatGPT_ZeroShot!AL13 -> 4 | E68: =ChatGPT_FewShot!AL13 -> 1 | F68: =ChatGPT_CoT!AL13 -> 4 | G68: =Gemini_ZeroShot!AL13 -> 0 | H68: =Gemini_FewShot!AL13 -> 5 | I68: =Gemini_CoT!AL13 -> 0 | J68: =Claude_ZeroShot!AL13 -> 4 | K68: =Claude_FewShot!AL13 -> 0 | L68: =Claude_CoT!AL13 -> 1 | M68: =ABS(D68-C68) -> 0 | N68: =ABS(E68-C68) -> 3 | O68: =ABS(F68-C68) -> 0 | P68: =ABS(G68-C68) -> 4 | Q68: =ABS(H68-C68) -> 1 | R68: =ABS(I68-C68) -> 4 | S68: =ABS(J68-C68) -> 0 | T68: =ABS(K68-C68) -> 4 | U68: =ABS(L68-C68) -> 3
A69: HU12 | B69: I | C69: =Avaliacao_Humana!H14 -> 0 | D69: =ChatGPT_ZeroShot!H14 -> 0 | E69: =ChatGPT_FewShot!H14 -> 0 | F69: =ChatGPT_CoT!H14 -> 0 | G69: =Gemini_ZeroShot!H14 -> 0 | H69: =Gemini_FewShot!H14 -> 0 | I69: =Gemini_CoT!H14 -> 0 | J69: =Claude_ZeroShot!H14 -> 0 | K69: =Claude_FewShot!H14 -> 0 | L69: =Claude_CoT!H14 -> 0 | M69: =ABS(D69-C69) -> 0 | N69: =ABS(E69-C69) -> 0 | O69: =ABS(F69-C69) -> 0 | P69: =ABS(G69-C69) -> 0 | Q69: =ABS(H69-C69) -> 0 | R69: =ABS(I69-C69) -> 0 | S69: =ABS(J69-C69) -> 0 | T69: =ABS(K69-C69) -> 0 | U69: =ABS(L69-C69) -> 0
A70: HU12 | B70: N | C70: =Avaliacao_Humana!N14 -> 0 | D70: =ChatGPT_ZeroShot!N14 -> 0 | E70: =ChatGPT_FewShot!N14 -> 0 | F70: =ChatGPT_CoT!N14 -> 0 | G70: =Gemini_ZeroShot!N14 -> 0 | H70: =Gemini_FewShot!N14 -> 0 | I70: =Gemini_CoT!N14 -> 0 | J70: =Claude_ZeroShot!N14 -> 0 | K70: =Claude_FewShot!N14 -> 0 | L70: =Claude_CoT!N14 -> 0 | M70: =ABS(D70-C70) -> 0 | N70: =ABS(E70-C70) -> 0 | O70: =ABS(F70-C70) -> 0 | P70: =ABS(G70-C70) -> 0 | Q70: =ABS(H70-C70) -> 0 | R70: =ABS(I70-C70) -> 0 | S70: =ABS(J70-C70) -> 0 | T70: =ABS(K70-C70) -> 0 | U70: =ABS(L70-C70) -> 0
A71: HU12 | B71: V | C71: =Avaliacao_Humana!T14 -> 0 | D71: =ChatGPT_ZeroShot!T14 -> 0 | E71: =ChatGPT_FewShot!T14 -> 0 | F71: =ChatGPT_CoT!T14 -> 0 | G71: =Gemini_ZeroShot!T14 -> 0 | H71: =Gemini_FewShot!T14 -> 0 | I71: =Gemini_CoT!T14 -> 0 | J71: =Claude_ZeroShot!T14 -> 0 | K71: =Claude_FewShot!T14 -> 0 | L71: =Claude_CoT!T14 -> 0 | M71: =ABS(D71-C71) -> 0 | N71: =ABS(E71-C71) -> 0 | O71: =ABS(F71-C71) -> 0 | P71: =ABS(G71-C71) -> 0 | Q71: =ABS(H71-C71) -> 0 | R71: =ABS(I71-C71) -> 0 | S71: =ABS(J71-C71) -> 0 | T71: =ABS(K71-C71) -> 0 | U71: =ABS(L71-C71) -> 0
A72: HU12 | B72: E | C72: =Avaliacao_Humana!Z14 -> 0 | D72: =ChatGPT_ZeroShot!Z14 -> 0 | E72: =ChatGPT_FewShot!Z14 -> 0 | F72: =ChatGPT_CoT!Z14 -> 0 | G72: =Gemini_ZeroShot!Z14 -> 0 | H72: =Gemini_FewShot!Z14 -> 0 | I72: =Gemini_CoT!Z14 -> 0 | J72: =Claude_ZeroShot!Z14 -> 1 | K72: =Claude_FewShot!Z14 -> 0 | L72: =Claude_CoT!Z14 -> 0 | M72: =ABS(D72-C72) -> 0 | N72: =ABS(E72-C72) -> 0 | O72: =ABS(F72-C72) -> 0 | P72: =ABS(G72-C72) -> 0 | Q72: =ABS(H72-C72) -> 0 | R72: =ABS(I72-C72) -> 0 | S72: =ABS(J72-C72) -> 1 | T72: =ABS(K72-C72) -> 0 | U72: =ABS(L72-C72) -> 0
A73: HU12 | B73: S | C73: =Avaliacao_Humana!AF14 -> 0 | D73: =ChatGPT_ZeroShot!AF14 -> 0 | E73: =ChatGPT_FewShot!AF14 -> 0 | F73: =ChatGPT_CoT!AF14 -> 0 | G73: =Gemini_ZeroShot!AF14 -> 0 | H73: =Gemini_FewShot!AF14 -> 0 | I73: =Gemini_CoT!AF14 -> 0 | J73: =Claude_ZeroShot!AF14 -> 0 | K73: =Claude_FewShot!AF14 -> 0 | L73: =Claude_CoT!AF14 -> 0 | M73: =ABS(D73-C73) -> 0 | N73: =ABS(E73-C73) -> 0 | O73: =ABS(F73-C73) -> 0 | P73: =ABS(G73-C73) -> 0 | Q73: =ABS(H73-C73) -> 0 | R73: =ABS(I73-C73) -> 0 | S73: =ABS(J73-C73) -> 0 | T73: =ABS(K73-C73) -> 0 | U73: =ABS(L73-C73) -> 0
A74: HU12 | B74: T | C74: =Avaliacao_Humana!AL14 -> 3 | D74: =ChatGPT_ZeroShot!AL14 -> 4 | E74: =ChatGPT_FewShot!AL14 -> 1 | F74: =ChatGPT_CoT!AL14 -> 4 | G74: =Gemini_ZeroShot!AL14 -> 0 | H74: =Gemini_FewShot!AL14 -> 4 | I74: =Gemini_CoT!AL14 -> 0 | J74: =Claude_ZeroShot!AL14 -> 3 | K74: =Claude_FewShot!AL14 -> 0 | L74: =Claude_CoT!AL14 -> 0 | M74: =ABS(D74-C74) -> 1 | N74: =ABS(E74-C74) -> 2 | O74: =ABS(F74-C74) -> 1 | P74: =ABS(G74-C74) -> 3 | Q74: =ABS(H74-C74) -> 1 | R74: =ABS(I74-C74) -> 3 | S74: =ABS(J74-C74) -> 0 | T74: =ABS(K74-C74) -> 3 | U74: =ABS(L74-C74) -> 3
A75: HU13 | B75: I | C75: =Avaliacao_Humana!H15 -> 0 | D75: =ChatGPT_ZeroShot!H15 -> 0 | E75: =ChatGPT_FewShot!H15 -> 0 | F75: =ChatGPT_CoT!H15 -> 0 | G75: =Gemini_ZeroShot!H15 -> 0 | H75: =Gemini_FewShot!H15 -> 0 | I75: =Gemini_CoT!H15 -> 0 | J75: =Claude_ZeroShot!H15 -> 0 | K75: =Claude_FewShot!H15 -> 0 | L75: =Claude_CoT!H15 -> 0 | M75: =ABS(D75-C75) -> 0 | N75: =ABS(E75-C75) -> 0 | O75: =ABS(F75-C75) -> 0 | P75: =ABS(G75-C75) -> 0 | Q75: =ABS(H75-C75) -> 0 | R75: =ABS(I75-C75) -> 0 | S75: =ABS(J75-C75) -> 0 | T75: =ABS(K75-C75) -> 0 | U75: =ABS(L75-C75) -> 0
A76: HU13 | B76: N | C76: =Avaliacao_Humana!N15 -> 0 | D76: =ChatGPT_ZeroShot!N15 -> 0 | E76: =ChatGPT_FewShot!N15 -> 0 | F76: =ChatGPT_CoT!N15 -> 0 | G76: =Gemini_ZeroShot!N15 -> 0 | H76: =Gemini_FewShot!N15 -> 0 | I76: =Gemini_CoT!N15 -> 0 | J76: =Claude_ZeroShot!N15 -> 0 | K76: =Claude_FewShot!N15 -> 0 | L76: =Claude_CoT!N15 -> 0 | M76: =ABS(D76-C76) -> 0 | N76: =ABS(E76-C76) -> 0 | O76: =ABS(F76-C76) -> 0 | P76: =ABS(G76-C76) -> 0 | Q76: =ABS(H76-C76) -> 0 | R76: =ABS(I76-C76) -> 0 | S76: =ABS(J76-C76) -> 0 | T76: =ABS(K76-C76) -> 0 | U76: =ABS(L76-C76) -> 0
A77: HU13 | B77: V | C77: =Avaliacao_Humana!T15 -> 0 | D77: =ChatGPT_ZeroShot!T15 -> 0 | E77: =ChatGPT_FewShot!T15 -> 0 | F77: =ChatGPT_CoT!T15 -> 0 | G77: =Gemini_ZeroShot!T15 -> 0 | H77: =Gemini_FewShot!T15 -> 0 | I77: =Gemini_CoT!T15 -> 0 | J77: =Claude_ZeroShot!T15 -> 0 | K77: =Claude_FewShot!T15 -> 0 | L77: =Claude_CoT!T15 -> 0 | M77: =ABS(D77-C77) -> 0 | N77: =ABS(E77-C77) -> 0 | O77: =ABS(F77-C77) -> 0 | P77: =ABS(G77-C77) -> 0 | Q77: =ABS(H77-C77) -> 0 | R77: =ABS(I77-C77) -> 0 | S77: =ABS(J77-C77) -> 0 | T77: =ABS(K77-C77) -> 0 | U77: =ABS(L77-C77) -> 0
A78: HU13 | B78: E | C78: =Avaliacao_Humana!Z15 -> 0 | D78: =ChatGPT_ZeroShot!Z15 -> 0 | E78: =ChatGPT_FewShot!Z15 -> 0 | F78: =ChatGPT_CoT!Z15 -> 0 | G78: =Gemini_ZeroShot!Z15 -> 0 | H78: =Gemini_FewShot!Z15 -> 0 | I78: =Gemini_CoT!Z15 -> 0 | J78: =Claude_ZeroShot!Z15 -> 1 | K78: =Claude_FewShot!Z15 -> 0 | L78: =Claude_CoT!Z15 -> 1 | M78: =ABS(D78-C78) -> 0 | N78: =ABS(E78-C78) -> 0 | O78: =ABS(F78-C78) -> 0 | P78: =ABS(G78-C78) -> 0 | Q78: =ABS(H78-C78) -> 0 | R78: =ABS(I78-C78) -> 0 | S78: =ABS(J78-C78) -> 1 | T78: =ABS(K78-C78) -> 0 | U78: =ABS(L78-C78) -> 1
A79: HU13 | B79: S | C79: =Avaliacao_Humana!AF15 -> 2 | D79: =ChatGPT_ZeroShot!AF15 -> 2 | E79: =ChatGPT_FewShot!AF15 -> 2 | F79: =ChatGPT_CoT!AF15 -> 2 | G79: =Gemini_ZeroShot!AF15 -> 1 | H79: =Gemini_FewShot!AF15 -> 1 | I79: =Gemini_CoT!AF15 -> 1 | J79: =Claude_ZeroShot!AF15 -> 1 | K79: =Claude_FewShot!AF15 -> 1 | L79: =Claude_CoT!AF15 -> 1 | M79: =ABS(D79-C79) -> 0 | N79: =ABS(E79-C79) -> 0 | O79: =ABS(F79-C79) -> 0 | P79: =ABS(G79-C79) -> 1 | Q79: =ABS(H79-C79) -> 1 | R79: =ABS(I79-C79) -> 1 | S79: =ABS(J79-C79) -> 1 | T79: =ABS(K79-C79) -> 1 | U79: =ABS(L79-C79) -> 1
A80: HU13 | B80: T | C80: =Avaliacao_Humana!AL15 -> 2 | D80: =ChatGPT_ZeroShot!AL15 -> 4 | E80: =ChatGPT_FewShot!AL15 -> 1 | F80: =ChatGPT_CoT!AL15 -> 4 | G80: =Gemini_ZeroShot!AL15 -> 0 | H80: =Gemini_FewShot!AL15 -> 4 | I80: =Gemini_CoT!AL15 -> 0 | J80: =Claude_ZeroShot!AL15 -> 4 | K80: =Claude_FewShot!AL15 -> 0 | L80: =Claude_CoT!AL15 -> 0 | M80: =ABS(D80-C80) -> 2 | N80: =ABS(E80-C80) -> 1 | O80: =ABS(F80-C80) -> 2 | P80: =ABS(G80-C80) -> 2 | Q80: =ABS(H80-C80) -> 2 | R80: =ABS(I80-C80) -> 2 | S80: =ABS(J80-C80) -> 2 | T80: =ABS(K80-C80) -> 2 | U80: =ABS(L80-C80) -> 2
A81: HU14 | B81: I | C81: =Avaliacao_Humana!H16 -> 0 | D81: =ChatGPT_ZeroShot!H16 -> 0 | E81: =ChatGPT_FewShot!H16 -> 0 | F81: =ChatGPT_CoT!H16 -> 0 | G81: =Gemini_ZeroShot!H16 -> 0 | H81: =Gemini_FewShot!H16 -> 0 | I81: =Gemini_CoT!H16 -> 0 | J81: =Claude_ZeroShot!H16 -> 0 | K81: =Claude_FewShot!H16 -> 0 | L81: =Claude_CoT!H16 -> 0 | M81: =ABS(D81-C81) -> 0 | N81: =ABS(E81-C81) -> 0 | O81: =ABS(F81-C81) -> 0 | P81: =ABS(G81-C81) -> 0 | Q81: =ABS(H81-C81) -> 0 | R81: =ABS(I81-C81) -> 0 | S81: =ABS(J81-C81) -> 0 | T81: =ABS(K81-C81) -> 0 | U81: =ABS(L81-C81) -> 0
A82: HU14 | B82: N | C82: =Avaliacao_Humana!N16 -> 0 | D82: =ChatGPT_ZeroShot!N16 -> 0 | E82: =ChatGPT_FewShot!N16 -> 0 | F82: =ChatGPT_CoT!N16 -> 0 | G82: =Gemini_ZeroShot!N16 -> 0 | H82: =Gemini_FewShot!N16 -> 0 | I82: =Gemini_CoT!N16 -> 0 | J82: =Claude_ZeroShot!N16 -> 0 | K82: =Claude_FewShot!N16 -> 0 | L82: =Claude_CoT!N16 -> 0 | M82: =ABS(D82-C82) -> 0 | N82: =ABS(E82-C82) -> 0 | O82: =ABS(F82-C82) -> 0 | P82: =ABS(G82-C82) -> 0 | Q82: =ABS(H82-C82) -> 0 | R82: =ABS(I82-C82) -> 0 | S82: =ABS(J82-C82) -> 0 | T82: =ABS(K82-C82) -> 0 | U82: =ABS(L82-C82) -> 0
A83: HU14 | B83: V | C83: =Avaliacao_Humana!T16 -> 0 | D83: =ChatGPT_ZeroShot!T16 -> 0 | E83: =ChatGPT_FewShot!T16 -> 0 | F83: =ChatGPT_CoT!T16 -> 0 | G83: =Gemini_ZeroShot!T16 -> 0 | H83: =Gemini_FewShot!T16 -> 0 | I83: =Gemini_CoT!T16 -> 0 | J83: =Claude_ZeroShot!T16 -> 0 | K83: =Claude_FewShot!T16 -> 0 | L83: =Claude_CoT!T16 -> 0 | M83: =ABS(D83-C83) -> 0 | N83: =ABS(E83-C83) -> 0 | O83: =ABS(F83-C83) -> 0 | P83: =ABS(G83-C83) -> 0 | Q83: =ABS(H83-C83) -> 0 | R83: =ABS(I83-C83) -> 0 | S83: =ABS(J83-C83) -> 0 | T83: =ABS(K83-C83) -> 0 | U83: =ABS(L83-C83) -> 0
A84: HU14 | B84: E | C84: =Avaliacao_Humana!Z16 -> 0 | D84: =ChatGPT_ZeroShot!Z16 -> 0 | E84: =ChatGPT_FewShot!Z16 -> 0 | F84: =ChatGPT_CoT!Z16 -> 0 | G84: =Gemini_ZeroShot!Z16 -> 0 | H84: =Gemini_FewShot!Z16 -> 0 | I84: =Gemini_CoT!Z16 -> 0 | J84: =Claude_ZeroShot!Z16 -> 1 | K84: =Claude_FewShot!Z16 -> 0 | L84: =Claude_CoT!Z16 -> 1 | M84: =ABS(D84-C84) -> 0 | N84: =ABS(E84-C84) -> 0 | O84: =ABS(F84-C84) -> 0 | P84: =ABS(G84-C84) -> 0 | Q84: =ABS(H84-C84) -> 0 | R84: =ABS(I84-C84) -> 0 | S84: =ABS(J84-C84) -> 1 | T84: =ABS(K84-C84) -> 0 | U84: =ABS(L84-C84) -> 1
A85: HU14 | B85: S | C85: =Avaliacao_Humana!AF16 -> 2 | D85: =ChatGPT_ZeroShot!AF16 -> 3 | E85: =ChatGPT_FewShot!AF16 -> 2 | F85: =ChatGPT_CoT!AF16 -> 3 | G85: =Gemini_ZeroShot!AF16 -> 1 | H85: =Gemini_FewShot!AF16 -> 1 | I85: =Gemini_CoT!AF16 -> 1 | J85: =Claude_ZeroShot!AF16 -> 2 | K85: =Claude_FewShot!AF16 -> 1 | L85: =Claude_CoT!AF16 -> 1 | M85: =ABS(D85-C85) -> 1 | N85: =ABS(E85-C85) -> 0 | O85: =ABS(F85-C85) -> 1 | P85: =ABS(G85-C85) -> 1 | Q85: =ABS(H85-C85) -> 1 | R85: =ABS(I85-C85) -> 1 | S85: =ABS(J85-C85) -> 0 | T85: =ABS(K85-C85) -> 1 | U85: =ABS(L85-C85) -> 1
A86: HU14 | B86: T | C86: =Avaliacao_Humana!AL16 -> 2 | D86: =ChatGPT_ZeroShot!AL16 -> 4 | E86: =ChatGPT_FewShot!AL16 -> 1 | F86: =ChatGPT_CoT!AL16 -> 4 | G86: =Gemini_ZeroShot!AL16 -> 0 | H86: =Gemini_FewShot!AL16 -> 4 | I86: =Gemini_CoT!AL16 -> 0 | J86: =Claude_ZeroShot!AL16 -> 4 | K86: =Claude_FewShot!AL16 -> 0 | L86: =Claude_CoT!AL16 -> 0 | M86: =ABS(D86-C86) -> 2 | N86: =ABS(E86-C86) -> 1 | O86: =ABS(F86-C86) -> 2 | P86: =ABS(G86-C86) -> 2 | Q86: =ABS(H86-C86) -> 2 | R86: =ABS(I86-C86) -> 2 | S86: =ABS(J86-C86) -> 2 | T86: =ABS(K86-C86) -> 2 | U86: =ABS(L86-C86) -> 2
A87: HU15 | B87: I | C87: =Avaliacao_Humana!H17 -> 0 | D87: =ChatGPT_ZeroShot!H17 -> 0 | E87: =ChatGPT_FewShot!H17 -> 0 | F87: =ChatGPT_CoT!H17 -> 0 | G87: =Gemini_ZeroShot!H17 -> 0 | H87: =Gemini_FewShot!H17 -> 0 | I87: =Gemini_CoT!H17 -> 0 | J87: =Claude_ZeroShot!H17 -> 0 | K87: =Claude_FewShot!H17 -> 0 | L87: =Claude_CoT!H17 -> 0 | M87: =ABS(D87-C87) -> 0 | N87: =ABS(E87-C87) -> 0 | O87: =ABS(F87-C87) -> 0 | P87: =ABS(G87-C87) -> 0 | Q87: =ABS(H87-C87) -> 0 | R87: =ABS(I87-C87) -> 0 | S87: =ABS(J87-C87) -> 0 | T87: =ABS(K87-C87) -> 0 | U87: =ABS(L87-C87) -> 0
A88: HU15 | B88: N | C88: =Avaliacao_Humana!N17 -> 0 | D88: =ChatGPT_ZeroShot!N17 -> 1 | E88: =ChatGPT_FewShot!N17 -> 0 | F88: =ChatGPT_CoT!N17 -> 1 | G88: =Gemini_ZeroShot!N17 -> 0 | H88: =Gemini_FewShot!N17 -> 0 | I88: =Gemini_CoT!N17 -> 0 | J88: =Claude_ZeroShot!N17 -> 0 | K88: =Claude_FewShot!N17 -> 0 | L88: =Claude_CoT!N17 -> 0 | M88: =ABS(D88-C88) -> 1 | N88: =ABS(E88-C88) -> 0 | O88: =ABS(F88-C88) -> 1 | P88: =ABS(G88-C88) -> 0 | Q88: =ABS(H88-C88) -> 0 | R88: =ABS(I88-C88) -> 0 | S88: =ABS(J88-C88) -> 0 | T88: =ABS(K88-C88) -> 0 | U88: =ABS(L88-C88) -> 0
A89: HU15 | B89: V | C89: =Avaliacao_Humana!T17 -> 0 | D89: =ChatGPT_ZeroShot!T17 -> 0 | E89: =ChatGPT_FewShot!T17 -> 0 | F89: =ChatGPT_CoT!T17 -> 0 | G89: =Gemini_ZeroShot!T17 -> 0 | H89: =Gemini_FewShot!T17 -> 0 | I89: =Gemini_CoT!T17 -> 0 | J89: =Claude_ZeroShot!T17 -> 0 | K89: =Claude_FewShot!T17 -> 0 | L89: =Claude_CoT!T17 -> 0 | M89: =ABS(D89-C89) -> 0 | N89: =ABS(E89-C89) -> 0 | O89: =ABS(F89-C89) -> 0 | P89: =ABS(G89-C89) -> 0 | Q89: =ABS(H89-C89) -> 0 | R89: =ABS(I89-C89) -> 0 | S89: =ABS(J89-C89) -> 0 | T89: =ABS(K89-C89) -> 0 | U89: =ABS(L89-C89) -> 0
A90: HU15 | B90: E | C90: =Avaliacao_Humana!Z17 -> 1 | D90: =ChatGPT_ZeroShot!Z17 -> 0 | E90: =ChatGPT_FewShot!Z17 -> 0 | F90: =ChatGPT_CoT!Z17 -> 0 | G90: =Gemini_ZeroShot!Z17 -> 0 | H90: =Gemini_FewShot!Z17 -> 0 | I90: =Gemini_CoT!Z17 -> 0 | J90: =Claude_ZeroShot!Z17 -> 1 | K90: =Claude_FewShot!Z17 -> 0 | L90: =Claude_CoT!Z17 -> 0 | M90: =ABS(D90-C90) -> 1 | N90: =ABS(E90-C90) -> 1 | O90: =ABS(F90-C90) -> 1 | P90: =ABS(G90-C90) -> 1 | Q90: =ABS(H90-C90) -> 1 | R90: =ABS(I90-C90) -> 1 | S90: =ABS(J90-C90) -> 0 | T90: =ABS(K90-C90) -> 1 | U90: =ABS(L90-C90) -> 1
A91: HU15 | B91: S | C91: =Avaliacao_Humana!AF17 -> 0 | D91: =ChatGPT_ZeroShot!AF17 -> 0 | E91: =ChatGPT_FewShot!AF17 -> 0 | F91: =ChatGPT_CoT!AF17 -> 0 | G91: =Gemini_ZeroShot!AF17 -> 0 | H91: =Gemini_FewShot!AF17 -> 0 | I91: =Gemini_CoT!AF17 -> 0 | J91: =Claude_ZeroShot!AF17 -> 0 | K91: =Claude_FewShot!AF17 -> 0 | L91: =Claude_CoT!AF17 -> 0 | M91: =ABS(D91-C91) -> 0 | N91: =ABS(E91-C91) -> 0 | O91: =ABS(F91-C91) -> 0 | P91: =ABS(G91-C91) -> 0 | Q91: =ABS(H91-C91) -> 0 | R91: =ABS(I91-C91) -> 0 | S91: =ABS(J91-C91) -> 0 | T91: =ABS(K91-C91) -> 0 | U91: =ABS(L91-C91) -> 0
A92: HU15 | B92: T | C92: =Avaliacao_Humana!AL17 -> 3 | D92: =ChatGPT_ZeroShot!AL17 -> 4 | E92: =ChatGPT_FewShot!AL17 -> 1 | F92: =ChatGPT_CoT!AL17 -> 4 | G92: =Gemini_ZeroShot!AL17 -> 0 | H92: =Gemini_FewShot!AL17 -> 4 | I92: =Gemini_CoT!AL17 -> 0 | J92: =Claude_ZeroShot!AL17 -> 4 | K92: =Claude_FewShot!AL17 -> 0 | L92: =Claude_CoT!AL17 -> 1 | M92: =ABS(D92-C92) -> 1 | N92: =ABS(E92-C92) -> 2 | O92: =ABS(F92-C92) -> 1 | P92: =ABS(G92-C92) -> 3 | Q92: =ABS(H92-C92) -> 1 | R92: =ABS(I92-C92) -> 3 | S92: =ABS(J92-C92) -> 1 | T92: =ABS(K92-C92) -> 3 | U92: =ABS(L92-C92) -> 2
A93: HU16 | B93: I | C93: =Avaliacao_Humana!H18 -> 0 | D93: =ChatGPT_ZeroShot!H18 -> 0 | E93: =ChatGPT_FewShot!H18 -> 0 | F93: =ChatGPT_CoT!H18 -> 0 | G93: =Gemini_ZeroShot!H18 -> 0 | H93: =Gemini_FewShot!H18 -> 0 | I93: =Gemini_CoT!H18 -> 0 | J93: =Claude_ZeroShot!H18 -> 0 | K93: =Claude_FewShot!H18 -> 0 | L93: =Claude_CoT!H18 -> 0 | M93: =ABS(D93-C93) -> 0 | N93: =ABS(E93-C93) -> 0 | O93: =ABS(F93-C93) -> 0 | P93: =ABS(G93-C93) -> 0 | Q93: =ABS(H93-C93) -> 0 | R93: =ABS(I93-C93) -> 0 | S93: =ABS(J93-C93) -> 0 | T93: =ABS(K93-C93) -> 0 | U93: =ABS(L93-C93) -> 0
A94: HU16 | B94: N | C94: =Avaliacao_Humana!N18 -> 1 | D94: =ChatGPT_ZeroShot!N18 -> 1 | E94: =ChatGPT_FewShot!N18 -> 0 | F94: =ChatGPT_CoT!N18 -> 0 | G94: =Gemini_ZeroShot!N18 -> 0 | H94: =Gemini_FewShot!N18 -> 0 | I94: =Gemini_CoT!N18 -> 0 | J94: =Claude_ZeroShot!N18 -> 1 | K94: =Claude_FewShot!N18 -> 0 | L94: =Claude_CoT!N18 -> 1 | M94: =ABS(D94-C94) -> 0 | N94: =ABS(E94-C94) -> 1 | O94: =ABS(F94-C94) -> 1 | P94: =ABS(G94-C94) -> 1 | Q94: =ABS(H94-C94) -> 1 | R94: =ABS(I94-C94) -> 1 | S94: =ABS(J94-C94) -> 0 | T94: =ABS(K94-C94) -> 1 | U94: =ABS(L94-C94) -> 0
A95: HU16 | B95: V | C95: =Avaliacao_Humana!T18 -> 2 | D95: =ChatGPT_ZeroShot!T18 -> 1 | E95: =ChatGPT_FewShot!T18 -> 1 | F95: =ChatGPT_CoT!T18 -> 0 | G95: =Gemini_ZeroShot!T18 -> 1 | H95: =Gemini_FewShot!T18 -> 1 | I95: =Gemini_CoT!T18 -> 0 | J95: =Claude_ZeroShot!T18 -> 1 | K95: =Claude_FewShot!T18 -> 1 | L95: =Claude_CoT!T18 -> 1 | M95: =ABS(D95-C95) -> 1 | N95: =ABS(E95-C95) -> 1 | O95: =ABS(F95-C95) -> 2 | P95: =ABS(G95-C95) -> 1 | Q95: =ABS(H95-C95) -> 1 | R95: =ABS(I95-C95) -> 2 | S95: =ABS(J95-C95) -> 1 | T95: =ABS(K95-C95) -> 1 | U95: =ABS(L95-C95) -> 1
A96: HU16 | B96: E | C96: =Avaliacao_Humana!Z18 -> 0 | D96: =ChatGPT_ZeroShot!Z18 -> 0 | E96: =ChatGPT_FewShot!Z18 -> 1 | F96: =ChatGPT_CoT!Z18 -> 1 | G96: =Gemini_ZeroShot!Z18 -> 0 | H96: =Gemini_FewShot!Z18 -> 1 | I96: =Gemini_CoT!Z18 -> 1 | J96: =Claude_ZeroShot!Z18 -> 0 | K96: =Claude_FewShot!Z18 -> 0 | L96: =Claude_CoT!Z18 -> 0 | M96: =ABS(D96-C96) -> 0 | N96: =ABS(E96-C96) -> 1 | O96: =ABS(F96-C96) -> 1 | P96: =ABS(G96-C96) -> 0 | Q96: =ABS(H96-C96) -> 1 | R96: =ABS(I96-C96) -> 1 | S96: =ABS(J96-C96) -> 0 | T96: =ABS(K96-C96) -> 0 | U96: =ABS(L96-C96) -> 0
A97: HU16 | B97: S | C97: =Avaliacao_Humana!AF18 -> 0 | D97: =ChatGPT_ZeroShot!AF18 -> 0 | E97: =ChatGPT_FewShot!AF18 -> 0 | F97: =ChatGPT_CoT!AF18 -> 0 | G97: =Gemini_ZeroShot!AF18 -> 0 | H97: =Gemini_FewShot!AF18 -> 0 | I97: =Gemini_CoT!AF18 -> 0 | J97: =Claude_ZeroShot!AF18 -> 0 | K97: =Claude_FewShot!AF18 -> 0 | L97: =Claude_CoT!AF18 -> 0 | M97: =ABS(D97-C97) -> 0 | N97: =ABS(E97-C97) -> 0 | O97: =ABS(F97-C97) -> 0 | P97: =ABS(G97-C97) -> 0 | Q97: =ABS(H97-C97) -> 0 | R97: =ABS(I97-C97) -> 0 | S97: =ABS(J97-C97) -> 0 | T97: =ABS(K97-C97) -> 0 | U97: =ABS(L97-C97) -> 0
A98: HU16 | B98: T | C98: =Avaliacao_Humana!AL18 -> 2 | D98: =ChatGPT_ZeroShot!AL18 -> 4 | E98: =ChatGPT_FewShot!AL18 -> 1 | F98: =ChatGPT_CoT!AL18 -> 4 | G98: =Gemini_ZeroShot!AL18 -> 0 | H98: =Gemini_FewShot!AL18 -> 5 | I98: =Gemini_CoT!AL18 -> 0 | J98: =Claude_ZeroShot!AL18 -> 4 | K98: =Claude_FewShot!AL18 -> 0 | L98: =Claude_CoT!AL18 -> 1 | M98: =ABS(D98-C98) -> 2 | N98: =ABS(E98-C98) -> 1 | O98: =ABS(F98-C98) -> 2 | P98: =ABS(G98-C98) -> 2 | Q98: =ABS(H98-C98) -> 3 | R98: =ABS(I98-C98) -> 2 | S98: =ABS(J98-C98) -> 2 | T98: =ABS(K98-C98) -> 2 | U98: =ABS(L98-C98) -> 1
A99: HU17 | B99: I | C99: =Avaliacao_Humana!H19 -> 0 | D99: =ChatGPT_ZeroShot!H19 -> 0 | E99: =ChatGPT_FewShot!H19 -> 0 | F99: =ChatGPT_CoT!H19 -> 0 | G99: =Gemini_ZeroShot!H19 -> 0 | H99: =Gemini_FewShot!H19 -> 0 | I99: =Gemini_CoT!H19 -> 0 | J99: =Claude_ZeroShot!H19 -> 0 | K99: =Claude_FewShot!H19 -> 0 | L99: =Claude_CoT!H19 -> 0 | M99: =ABS(D99-C99) -> 0 | N99: =ABS(E99-C99) -> 0 | O99: =ABS(F99-C99) -> 0 | P99: =ABS(G99-C99) -> 0 | Q99: =ABS(H99-C99) -> 0 | R99: =ABS(I99-C99) -> 0 | S99: =ABS(J99-C99) -> 0 | T99: =ABS(K99-C99) -> 0 | U99: =ABS(L99-C99) -> 0
A100: HU17 | B100: N | C100: =Avaliacao_Humana!N19 -> 0 | D100: =ChatGPT_ZeroShot!N19 -> 1 | E100: =ChatGPT_FewShot!N19 -> 0 | F100: =ChatGPT_CoT!N19 -> 0 | G100: =Gemini_ZeroShot!N19 -> 0 | H100: =Gemini_FewShot!N19 -> 0 | I100: =Gemini_CoT!N19 -> 0 | J100: =Claude_ZeroShot!N19 -> 0 | K100: =Claude_FewShot!N19 -> 0 | L100: =Claude_CoT!N19 -> 0 | M100: =ABS(D100-C100) -> 1 | N100: =ABS(E100-C100) -> 0 | O100: =ABS(F100-C100) -> 0 | P100: =ABS(G100-C100) -> 0 | Q100: =ABS(H100-C100) -> 0 | R100: =ABS(I100-C100) -> 0 | S100: =ABS(J100-C100) -> 0 | T100: =ABS(K100-C100) -> 0 | U100: =ABS(L100-C100) -> 0
...

Sheet Super_Inferencia
A1: Super-Inferencia e Smells Perdidos — Divergencias entre LLMs e Baseline Humano
A2: TABELA 1: Super-Inferencia (LLM detectou smell que o humano NAO detectou) — Falsos Positivos
A3: LLM / Tecnica | B3: I-1 | C3: I-2 | D3: I-3 | E3: I-4 | F3: I-5 | G3: N-1 | H3: N-2 | I3: N-3 | J3: N-4 | K3: N-5 | L3: V-1 | M3: V-2 | N3: V-3 | O3: V-4 | P3: V-5 | Q3: E-1 | R3: E-2 | S3: E-3 | T3: E-4 | U3: E-5 | V3: S-1 | W3: S-2 | X3: S-3 | Y3: S-4 | Z3: S-5 | AA3: T-1 | AB3: T-2 | AC3: T-3 | AD3: T-4 | AE3: T-5 | AF3: TOTAL FP
A4: ChatGPT — Zero-Shot | B4: =SUMPRODUCT((ChatGPT_ZeroShot!C3:C32=1)*(Avaliacao_Humana!C3:C32=0)) -> 0 | C4: =SUMPRODUCT((ChatGPT_ZeroShot!D3:D32=1)*(Avaliacao_Humana!D3:D32=0)) -> 0 | D4: =SUMPRODUCT((ChatGPT_ZeroShot!E3:E32=1)*(Avaliacao_Humana!E3:E32=0)) -> 1 | E4: =SUMPRODUCT((ChatGPT_ZeroShot!F3:F32=1)*(Avaliacao_Humana!F3:F32=0)) -> 1 | F4: =SUMPRODUCT((ChatGPT_ZeroShot!G3:G32=1)*(Avaliacao_Humana!G3:G32=0)) -> 1 | G4: =SUMPRODUCT((ChatGPT_ZeroShot!I3:I32=1)*(Avaliacao_Humana!I3:I32=0)) -> 0 | H4: =SUMPRODUCT((ChatGPT_ZeroShot!J3:J32=1)*(Avaliacao_Humana!J3:J32=0)) -> 5 | I4: =SUMPRODUCT((ChatGPT_ZeroShot!K3:K32=1)*(Avaliacao_Humana!K3:K32=0)) -> 0 | J4: =SUMPRODUCT((ChatGPT_ZeroShot!L3:L32=1)*(Avaliacao_Humana!L3:L32=0)) -> 1 | K4: =SUMPRODUCT((ChatGPT_ZeroShot!M3:M32=1)*(Avaliacao_Humana!M3:M32=0)) -> 0 | L4: =SUMPRODUCT((ChatGPT_ZeroShot!O3:O32=1)*(Avaliacao_Humana!O3:O32=0)) -> 2 | M4: =SUMPRODUCT((ChatGPT_ZeroShot!P3:P32=1)*(Avaliacao_Humana!P3:P32=0)) -> 2 | N4: =SUMPRODUCT((ChatGPT_ZeroShot!Q3:Q32=1)*(Avaliacao_Humana!Q3:Q32=0)) -> 0 | O4: =SUMPRODUCT((ChatGPT_ZeroShot!R3:R32=1)*(Avaliacao_Humana!R3:R32=0)) -> 3 | P4: =SUMPRODUCT((ChatGPT_ZeroShot!S3:S32=1)*(Avaliacao_Humana!S3:S32=0)) -> 0 | Q4: =SUMPRODUCT((ChatGPT_ZeroShot!U3:U32=1)*(Avaliacao_Humana!U3:U32=0)) -> 1 | R4: =SUMPRODUCT((ChatGPT_ZeroShot!V3:V32=1)*(Avaliacao_Humana!V3:V32=0)) -> 0 | S4: =SUMPRODUCT((ChatGPT_ZeroShot!W3:W32=1)*(Avaliacao_Humana!W3:W32=0)) -> 2 | T4: =SUMPRODUCT((ChatGPT_ZeroShot!X3:X32=1)*(Avaliacao_Humana!X3:X32=0)) -> 1 | U4: =SUMPRODUCT((ChatGPT_ZeroShot!Y3:Y32=1)*(Avaliacao_Humana!Y3:Y32=0)) -> 0 | V4: =SUMPRODUCT((ChatGPT_ZeroShot!AA3:AA32=1)*(Avaliacao_Humana!AA3:AA32=0)) -> 1 | W4: =SUMPRODUCT((ChatGPT_ZeroShot!AB3:AB32=1)*(Avaliacao_Humana!AB3:AB32=0)) -> 3 | X4: =SUMPRODUCT((ChatGPT_ZeroShot!AC3:AC32=1)*(Avaliacao_Humana!AC3:AC32=0)) -> 0 | Y4: =SUMPRODUCT((ChatGPT_ZeroShot!AD3:AD32=1)*(Avaliacao_Humana!AD3:AD32=0)) -> 0 | Z4: =SUMPRODUCT((ChatGPT_ZeroShot!AE3:AE32=1)*(Avaliacao_Humana!AE3:AE32=0)) -> 2 | AA4: =SUMPRODUCT((ChatGPT_ZeroShot!AG3:AG32=1)*(Avaliacao_Humana!AG3:AG32=0)) -> 0 | AB4: =SUMPRODUCT((ChatGPT_ZeroShot!AH3:AH32=1)*(Avaliacao_Humana!AH3:AH32=0)) -> 0 | AC4: =SUMPRODUCT((ChatGPT_ZeroShot!AI3:AI32=1)*(Avaliacao_Humana!AI3:AI32=0)) -> 13 | AD4: =SUMPRODUCT((ChatGPT_ZeroShot!AJ3:AJ32=1)*(Avaliacao_Humana!AJ3:AJ32=0)) -> 25 | AE4: =SUMPRODUCT((ChatGPT_ZeroShot!AK3:AK32=1)*(Avaliacao_Humana!AK3:AK32=0)) -> 25 | AF4: =SUM(B4:AE4) -> 89
A5: ChatGPT — Few-Shot | B5: =SUMPRODUCT((ChatGPT_FewShot!C3:C32=1)*(Avaliacao_Humana!C3:C32=0)) -> 0 | C5: =SUMPRODUCT((ChatGPT_FewShot!D3:D32=1)*(Avaliacao_Humana!D3:D32=0)) -> 0 | D5: =SUMPRODUCT((ChatGPT_FewShot!E3:E32=1)*(Avaliacao_Humana!E3:E32=0)) -> 0 | E5: =SUMPRODUCT((ChatGPT_FewShot!F3:F32=1)*(Avaliacao_Humana!F3:F32=0)) -> 0 | F5: =SUMPRODUCT((ChatGPT_FewShot!G3:G32=1)*(Avaliacao_Humana!G3:G32=0)) -> 0 | G5: =SUMPRODUCT((ChatGPT_FewShot!I3:I32=1)*(Avaliacao_Humana!I3:I32=0)) -> 0 | H5: =SUMPRODUCT((ChatGPT_FewShot!J3:J32=1)*(Avaliacao_Humana!J3:J32=0)) -> 0 | I5: =SUMPRODUCT((ChatGPT_FewShot!K3:K32=1)*(Avaliacao_Humana!K3:K32=0)) -> 0 | J5: =SUMPRODUCT((ChatGPT_FewShot!L3:L32=1)*(Avaliacao_Humana!L3:L32=0)) -> 0 | K5: =SUMPRODUCT((ChatGPT_FewShot!M3:M32=1)*(Avaliacao_Humana!M3:M32=0)) -> 0 | L5: =SUMPRODUCT((ChatGPT_FewShot!O3:O32=1)*(Avaliacao_Humana!O3:O32=0)) -> 0 | M5: =SUMPRODUCT((ChatGPT_FewShot!P3:P32=1)*(Avaliacao_Humana!P3:P32=0)) -> 0 | N5: =SUMPRODUCT((ChatGPT_FewShot!Q3:Q32=1)*(Avaliacao_Humana!Q3:Q32=0)) -> 0 | O5: =SUMPRODUCT((ChatGPT_FewShot!R3:R32=1)*(Avaliacao_Humana!R3:R32=0)) -> 0 | P5: =SUMPRODUCT((ChatGPT_FewShot!S3:S32=1)*(Avaliacao_Humana!S3:S32=0)) -> 0 | Q5: =SUMPRODUCT((ChatGPT_FewShot!U3:U32=1)*(Avaliacao_Humana!U3:U32=0)) -> 0 | R5: =SUMPRODUCT((ChatGPT_FewShot!V3:V32=1)*(Avaliacao_Humana!V3:V32=0)) -> 1 | S5: =SUMPRODUCT((ChatGPT_FewShot!W3:W32=1)*(Avaliacao_Humana!W3:W32=0)) -> 1 | T5: =SUMPRODUCT((ChatGPT_FewShot!X3:X32=1)*(Avaliacao_Humana!X3:X32=0)) -> 1 | U5: =SUMPRODUCT((ChatGPT_FewShot!Y3:Y32=1)*(Avaliacao_Humana!Y3:Y32=0)) -> 0 | V5: =SUMPRODUCT((ChatGPT_FewShot!AA3:AA32=1)*(Avaliacao_Humana!AA3:AA32=0)) -> 0 | W5: =SUMPRODUCT((ChatGPT_FewShot!AB3:AB32=1)*(Avaliacao_Humana!AB3:AB32=0)) -> 1 | X5: =SUMPRODUCT((ChatGPT_FewShot!AC3:AC32=1)*(Avaliacao_Humana!AC3:AC32=0)) -> 0 | Y5: =SUMPRODUCT((ChatGPT_FewShot!AD3:AD32=1)*(Avaliacao_Humana!AD3:AD32=0)) -> 0 | Z5: =SUMPRODUCT((ChatGPT_FewShot!AE3:AE32=1)*(Avaliacao_Humana!AE3:AE32=0)) -> 0 | AA5: =SUMPRODUCT((ChatGPT_FewShot!AG3:AG32=1)*(Avaliacao_Humana!AG3:AG32=0)) -> 0 | AB5: =SUMPRODUCT((ChatGPT_FewShot!AH3:AH32=1)*(Avaliacao_Humana!AH3:AH32=0)) -> 0 | AC5: =SUMPRODUCT((ChatGPT_FewShot!AI3:AI32=1)*(Avaliacao_Humana!AI3:AI32=0)) -> 0 | AD5: =SUMPRODUCT((ChatGPT_FewShot!AJ3:AJ32=1)*(Avaliacao_Humana!AJ3:AJ32=0)) -> 1 | AE5: =SUMPRODUCT((ChatGPT_FewShot!AK3:AK32=1)*(Avaliacao_Humana!AK3:AK32=0)) -> 0 | AF5: =SUM(B5:AE5) -> 5
A6: ChatGPT — CoT | B6: =SUMPRODUCT((ChatGPT_CoT!C3:C32=1)*(Avaliacao_Humana!C3:C32=0)) -> 0 | C6: =SUMPRODUCT((ChatGPT_CoT!D3:D32=1)*(Avaliacao_Humana!D3:D32=0)) -> 0 | D6: =SUMPRODUCT((ChatGPT_CoT!E3:E32=1)*(Avaliacao_Humana!E3:E32=0)) -> 1 | E6: =SUMPRODUCT((ChatGPT_CoT!F3:F32=1)*(Avaliacao_Humana!F3:F32=0)) -> 1 | F6: =SUMPRODUCT((ChatGPT_CoT!G3:G32=1)*(Avaliacao_Humana!G3:G32=0)) -> 1 | G6: =SUMPRODUCT((ChatGPT_CoT!I3:I32=1)*(Avaliacao_Humana!I3:I32=0)) -> 0 | H6: =SUMPRODUCT((ChatGPT_CoT!J3:J32=1)*(Avaliacao_Humana!J3:J32=0)) -> 3 | I6: =SUMPRODUCT((ChatGPT_CoT!K3:K32=1)*(Avaliacao_Humana!K3:K32=0)) -> 0 | J6: =SUMPRODUCT((ChatGPT_CoT!L3:L32=1)*(Avaliacao_Humana!L3:L32=0)) -> 0 | K6: =SUMPRODUCT((ChatGPT_CoT!M3:M32=1)*(Avaliacao_Humana!M3:M32=0)) -> 0 | L6: =SUMPRODUCT((ChatGPT_CoT!O3:O32=1)*(Avaliacao_Humana!O3:O32=0)) -> 1 | M6: =SUMPRODUCT((ChatGPT_CoT!P3:P32=1)*(Avaliacao_Humana!P3:P32=0)) -> 1 | N6: =SUMPRODUCT((ChatGPT_CoT!Q3:Q32=1)*(Avaliacao_Humana!Q3:Q32=0)) -> 0 | O6: =SUMPRODUCT((ChatGPT_CoT!R3:R32=1)*(Avaliacao_Humana!R3:R32=0)) -> 0 | P6: =SUMPRODUCT((ChatGPT_CoT!S3:S32=1)*(Avaliacao_Humana!S3:S32=0)) -> 0 | Q6: =SUMPRODUCT((ChatGPT_CoT!U3:U32=1)*(Avaliacao_Humana!U3:U32=0)) -> 1 | R6: =SUMPRODUCT((ChatGPT_CoT!V3:V32=1)*(Avaliacao_Humana!V3:V32=0)) -> 1 | S6: =SUMPRODUCT((ChatGPT_CoT!W3:W32=1)*(Avaliacao_Humana!W3:W32=0)) -> 2 | T6: =SUMPRODUCT((ChatGPT_CoT!X3:X32=1)*(Avaliacao_Humana!X3:X32=0)) -> 1 | U6: =SUMPRODUCT((ChatGPT_CoT!Y3:Y32=1)*(Avaliacao_Humana!Y3:Y32=0)) -> 0 | V6: =SUMPRODUCT((ChatGPT_CoT!AA3:AA32=1)*(Avaliacao_Humana!AA3:AA32=0)) -> 1 | W6: =SUMPRODUCT((ChatGPT_CoT!AB3:AB32=1)*(Avaliacao_Humana!AB3:AB32=0)) -> 1 | X6: =SUMPRODUCT((ChatGPT_CoT!AC3:AC32=1)*(Avaliacao_Humana!AC3:AC32=0)) -> 0 | Y6: =SUMPRODUCT((ChatGPT_CoT!AD3:AD32=1)*(Avaliacao_Humana!AD3:AD32=0)) -> 0 | Z6: =SUMPRODUCT((ChatGPT_CoT!AE3:AE32=1)*(Avaliacao_Humana!AE3:AE32=0)) -> 0 | AA6: =SUMPRODUCT((ChatGPT_CoT!AG3:AG32=1)*(Avaliacao_Humana!AG3:AG32=0)) -> 0 | AB6: =SUMPRODUCT((ChatGPT_CoT!AH3:AH32=1)*(Avaliacao_Humana!AH3:AH32=0)) -> 0 | AC6: =SUMPRODUCT((ChatGPT_CoT!AI3:AI32=1)*(Avaliacao_Humana!AI3:AI32=0)) -> 13 | AD6: =SUMPRODUCT((ChatGPT_CoT!AJ3:AJ32=1)*(Avaliacao_Humana!AJ3:AJ32=0)) -> 25 | AE6: =SUMPRODUCT((ChatGPT_CoT!AK3:AK32=1)*(Avaliacao_Humana!AK3:AK32=0)) -> 25 | AF6: =SUM(B6:AE6) -> 78
A7: Gemini — Zero-Shot | B7: =SUMPRODUCT((Gemini_ZeroShot!C3:C32=1)*(Avaliacao_Humana!C3:C32=0)) -> 0 | C7: =SUMPRODUCT((Gemini_ZeroShot!D3:D32=1)*(Avaliacao_Humana!D3:D32=0)) -> 0 | D7: =SUMPRODUCT((Gemini_ZeroShot!E3:E32=1)*(Avaliacao_Humana!E3:E32=0)) -> 0 | E7: =SUMPRODUCT((Gemini_ZeroShot!F3:F32=1)*(Avaliacao_Humana!F3:F32=0)) -> 1 | F7: =SUMPRODUCT((Gemini_ZeroShot!G3:G32=1)*(Avaliacao_Humana!G3:G32=0)) -> 1 | G7: =SUMPRODUCT((Gemini_ZeroShot!I3:I32=1)*(Avaliacao_Humana!I3:I32=0)) -> 0 | H7: =SUMPRODUCT((Gemini_ZeroShot!J3:J32=1)*(Avaliacao_Humana!J3:J32=0)) -> 0 | I7: =SUMPRODUCT((Gemini_ZeroShot!K3:K32=1)*(Avaliacao_Humana!K3:K32=0)) -> 0 | J7: =SUMPRODUCT((Gemini_ZeroShot!L3:L32=1)*(Avaliacao_Humana!L3:L32=0)) -> 0 | K7: =SUMPRODUCT((Gemini_ZeroShot!M3:M32=1)*(Avaliacao_Humana!M3:M32=0)) -> 0 | L7: =SUMPRODUCT((Gemini_ZeroShot!O3:O32=1)*(Avaliacao_Humana!O3:O32=0)) -> 0 | M7: =SUMPRODUCT((Gemini_ZeroShot!P3:P32=1)*(Avaliacao_Humana!P3:P32=0)) -> 0 | N7: =SUMPRODUCT((Gemini_ZeroShot!Q3:Q32=1)*(Avaliacao_Humana!Q3:Q32=0)) -> 0 | O7: =SUMPRODUCT((Gemini_ZeroShot!R3:R32=1)*(Avaliacao_Humana!R3:R32=0)) -> 0 | P7: =SUMPRODUCT((Gemini_ZeroShot!S3:S32=1)*(Avaliacao_Humana!S3:S32=0)) -> 0 | Q7: =SUMPRODUCT((Gemini_ZeroShot!U3:U32=1)*(Avaliacao_Humana!U3:U32=0)) -> 0 | R7: =SUMPRODUCT((Gemini_ZeroShot!V3:V32=1)*(Avaliacao_Humana!V3:V32=0)) -> 0 | S7: =SUMPRODUCT((Gemini_ZeroShot!W3:W32=1)*(Avaliacao_Humana!W3:W32=0)) -> 1 | T7: =SUMPRODUCT((Gemini_ZeroShot!X3:X32=1)*(Avaliacao_Humana!X3:X32=0)) -> 1 | U7: =SUMPRODUCT((Gemini_ZeroShot!Y3:Y32=1)*(Avaliacao_Humana!Y3:Y32=0)) -> 0 | V7: =SUMPRODUCT((Gemini_ZeroShot!AA3:AA32=1)*(Avaliacao_Humana!AA3:AA32=0)) -> 0 | W7: =SUMPRODUCT((Gemini_ZeroShot!AB3:AB32=1)*(Avaliacao_Humana!AB3:AB32=0)) -> 1 | X7: =SUMPRODUCT((Gemini_ZeroShot!AC3:AC32=1)*(Avaliacao_Humana!AC3:AC32=0)) -> 0 | Y7: =SUMPRODUCT((Gemini_ZeroShot!AD3:AD32=1)*(Avaliacao_Humana!AD3:AD32=0)) -> 0 | Z7: =SUMPRODUCT((Gemini_ZeroShot!AE3:AE32=1)*(Avaliacao_Humana!AE3:AE32=0)) -> 0 | AA7: =SUMPRODUCT((Gemini_ZeroShot!AG3:AG32=1)*(Avaliacao_Humana!AG3:AG32=0)) -> 0 | AB7: =SUMPRODUCT((Gemini_ZeroShot!AH3:AH32=1)*(Avaliacao_Humana!AH3:AH32=0)) -> 0 | AC7: =SUMPRODUCT((Gemini_ZeroShot!AI3:AI32=1)*(Avaliacao_Humana!AI3:AI32=0)) -> 0 | AD7: =SUMPRODUCT((Gemini_ZeroShot!AJ3:AJ32=1)*(Avaliacao_Humana!AJ3:AJ32=0)) -> 1 | AE7: =SUMPRODUCT((Gemini_ZeroShot!AK3:AK32=1)*(Avaliacao_Humana!AK3:AK32=0)) -> 0 | AF7: =SUM(B7:AE7) -> 6
A8: Gemini — Few-Shot | B8: =SUMPRODUCT((Gemini_FewShot!C3:C32=1)*(Avaliacao_Humana!C3:C32=0)) -> 0 | C8: =SUMPRODUCT((Gemini_FewShot!D3:D32=1)*(Avaliacao_Humana!D3:D32=0)) -> 0 | D8: =SUMPRODUCT((Gemini_FewShot!E3:E32=1)*(Avaliacao_Humana!E3:E32=0)) -> 0 | E8: =SUMPRODUCT((Gemini_FewShot!F3:F32=1)*(Avaliacao_Humana!F3:F32=0)) -> 1 | F8: =SUMPRODUCT((Gemini_FewShot!G3:G32=1)*(Avaliacao_Humana!G3:G32=0)) -> 1 | G8: =SUMPRODUCT((Gemini_FewShot!I3:I32=1)*(Avaliacao_Humana!I3:I32=0)) -> 0 | H8: =SUMPRODUCT((Gemini_FewShot!J3:J32=1)*(Avaliacao_Humana!J3:J32=0)) -> 0 | I8: =SUMPRODUCT((Gemini_FewShot!K3:K32=1)*(Avaliacao_Humana!K3:K32=0)) -> 0 | J8: =SUMPRODUCT((Gemini_FewShot!L3:L32=1)*(Avaliacao_Humana!L3:L32=0)) -> 0 | K8: =SUMPRODUCT((Gemini_FewShot!M3:M32=1)*(Avaliacao_Humana!M3:M32=0)) -> 0 | L8: =SUMPRODUCT((Gemini_FewShot!O3:O32=1)*(Avaliacao_Humana!O3:O32=0)) -> 2 | M8: =SUMPRODUCT((Gemini_FewShot!P3:P32=1)*(Avaliacao_Humana!P3:P32=0)) -> 1 | N8: =SUMPRODUCT((Gemini_FewShot!Q3:Q32=1)*(Avaliacao_Humana!Q3:Q32=0)) -> 1 | O8: =SUMPRODUCT((Gemini_FewShot!R3:R32=1)*(Avaliacao_Humana!R3:R32=0)) -> 2 | P8: =SUMPRODUCT((Gemini_FewShot!S3:S32=1)*(Avaliacao_Humana!S3:S32=0)) -> 1 | Q8: =SUMPRODUCT((Gemini_FewShot!U3:U32=1)*(Avaliacao_Humana!U3:U32=0)) -> 3 | R8: =SUMPRODUCT((Gemini_FewShot!V3:V32=1)*(Avaliacao_Humana!V3:V32=0)) -> 4 | S8: =SUMPRODUCT((Gemini_FewShot!W3:W32=1)*(Avaliacao_Humana!W3:W32=0)) -> 1 | T8: =SUMPRODUCT((Gemini_FewShot!X3:X32=1)*(Avaliacao_Humana!X3:X32=0)) -> 1 | U8: =SUMPRODUCT((Gemini_FewShot!Y3:Y32=1)*(Avaliacao_Humana!Y3:Y32=0)) -> 0 | V8: =SUMPRODUCT((Gemini_FewShot!AA3:AA32=1)*(Avaliacao_Humana!AA3:AA32=0)) -> 0 | W8: =SUMPRODUCT((Gemini_FewShot!AB3:AB32=1)*(Avaliacao_Humana!AB3:AB32=0)) -> 1 | X8: =SUMPRODUCT((Gemini_FewShot!AC3:AC32=1)*(Avaliacao_Humana!AC3:AC32=0)) -> 0 | Y8: =SUMPRODUCT((Gemini_FewShot!AD3:AD32=1)*(Avaliacao_Humana!AD3:AD32=0)) -> 0 | Z8: =SUMPRODUCT((Gemini_FewShot!AE3:AE32=1)*(Avaliacao_Humana!AE3:AE32=0)) -> 0 | AA8: =SUMPRODUCT((Gemini_FewShot!AG3:AG32=1)*(Avaliacao_Humana!AG3:AG32=0)) -> 0 | AB8: =SUMPRODUCT((Gemini_FewShot!AH3:AH32=1)*(Avaliacao_Humana!AH3:AH32=0)) -> 3 | AC8: =SUMPRODUCT((Gemini_FewShot!AI3:AI32=1)*(Avaliacao_Humana!AI3:AI32=0)) -> 13 | AD8: =SUMPRODUCT((Gemini_FewShot!AJ3:AJ32=1)*(Avaliacao_Humana!AJ3:AJ32=0)) -> 24 | AE8: =SUMPRODUCT((Gemini_FewShot!AK3:AK32=1)*(Avaliacao_Humana!AK3:AK32=0)) -> 24 | AF8: =SUM(B8:AE8) -> 83
A9: Gemini — CoT | B9: =SUMPRODUCT((Gemini_CoT!C3:C32=1)*(Avaliacao_Humana!C3:C32=0)) -> 0 | C9: =SUMPRODUCT((Gemini_CoT!D3:D32=1)*(Avaliacao_Humana!D3:D32=0)) -> 0 | D9: =SUMPRODUCT((Gemini_CoT!E3:E32=1)*(Avaliacao_Humana!E3:E32=0)) -> 0 | E9: =SUMPRODUCT((Gemini_CoT!F3:F32=1)*(Avaliacao_Humana!F3:F32=0)) -> 1 | F9: =SUMPRODUCT((Gemini_CoT!G3:G32=1)*(Avaliacao_Humana!G3:G32=0)) -> 1 | G9: =SUMPRODUCT((Gemini_CoT!I3:I32=1)*(Avaliacao_Humana!I3:I32=0)) -> 0 | H9: =SUMPRODUCT((Gemini_CoT!J3:J32=1)*(Avaliacao_Humana!J3:J32=0)) -> 0 | I9: =SUMPRODUCT((Gemini_CoT!K3:K32=1)*(Avaliacao_Humana!K3:K32=0)) -> 0 | J9: =SUMPRODUCT((Gemini_CoT!L3:L32=1)*(Avaliacao_Humana!L3:L32=0)) -> 0 | K9: =SUMPRODUCT((Gemini_CoT!M3:M32=1)*(Avaliacao_Humana!M3:M32=0)) -> 0 | L9: =SUMPRODUCT((Gemini_CoT!O3:O32=1)*(Avaliacao_Humana!O3:O32=0)) -> 0 | M9: =SUMPRODUCT((Gemini_CoT!P3:P32=1)*(Avaliacao_Humana!P3:P32=0)) -> 0 | N9: =SUMPRODUCT((Gemini_CoT!Q3:Q32=1)*(Avaliacao_Humana!Q3:Q32=0)) -> 0 | O9: =SUMPRODUCT((Gemini_CoT!R3:R32=1)*(Avaliacao_Humana!R3:R32=0)) -> 0 | P9: =SUMPRODUCT((Gemini_CoT!S3:S32=1)*(Avaliacao_Humana!S3:S32=0)) -> 0 | Q9: =SUMPRODUCT((Gemini_CoT!U3:U32=1)*(Avaliacao_Humana!U3:U32=0)) -> 0 | R9: =SUMPRODUCT((Gemini_CoT!V3:V32=1)*(Avaliacao_Humana!V3:V32=0)) -> 1 | S9: =SUMPRODUCT((Gemini_CoT!W3:W32=1)*(Avaliacao_Humana!W3:W32=0)) -> 1 | T9: =SUMPRODUCT((Gemini_CoT!X3:X32=1)*(Avaliacao_Humana!X3:X32=0)) -> 1 | U9: =SUMPRODUCT((Gemini_CoT!Y3:Y32=1)*(Avaliacao_Humana!Y3:Y32=0)) -> 0 | V9: =SUMPRODUCT((Gemini_CoT!AA3:AA32=1)*(Avaliacao_Humana!AA3:AA32=0)) -> 0 | W9: =SUMPRODUCT((Gemini_CoT!AB3:AB32=1)*(Avaliacao_Humana!AB3:AB32=0)) -> 1 | X9: =SUMPRODUCT((Gemini_CoT!AC3:AC32=1)*(Avaliacao_Humana!AC3:AC32=0)) -> 0 | Y9: =SUMPRODUCT((Gemini_CoT!AD3:AD32=1)*(Avaliacao_Humana!AD3:AD32=0)) -> 0 | Z9: =SUMPRODUCT((Gemini_CoT!AE3:AE32=1)*(Avaliacao_Humana!AE3:AE32=0)) -> 0 | AA9: =SUMPRODUCT((Gemini_CoT!AG3:AG32=1)*(Avaliacao_Humana!AG3:AG32=0)) -> 0 | AB9: =SUMPRODUCT((Gemini_CoT!AH3:AH32=1)*(Avaliacao_Humana!AH3:AH32=0)) -> 0 | AC9: =SUMPRODUCT((Gemini_CoT!AI3:AI32=1)*(Avaliacao_Humana!AI3:AI32=0)) -> 0 | AD9: =SUMPRODUCT((Gemini_CoT!AJ3:AJ32=1)*(Avaliacao_Humana!AJ3:AJ32=0)) -> 1 | AE9: =SUMPRODUCT((Gemini_CoT!AK3:AK32=1)*(Avaliacao_Humana!AK3:AK32=0)) -> 0 | AF9: =SUM(B9:AE9) -> 7
A10: Claude — Zero-Shot | B10: =SUMPRODUCT((Claude_ZeroShot!C3:C32=1)*(Avaliacao_Humana!C3:C32=0)) -> 0 | C10: =SUMPRODUCT((Claude_ZeroShot!D3:D32=1)*(Avaliacao_Humana!D3:D32=0)) -> 0 | D10: =SUMPRODUCT((Claude_ZeroShot!E3:E32=1)*(Avaliacao_Humana!E3:E32=0)) -> 0 | E10: =SUMPRODUCT((Claude_ZeroShot!F3:F32=1)*(Avaliacao_Humana!F3:F32=0)) -> 1 | F10: =SUMPRODUCT((Claude_ZeroShot!G3:G32=1)*(Avaliacao_Humana!G3:G32=0)) -> 1 | G10: =SUMPRODUCT((Claude_ZeroShot!I3:I32=1)*(Avaliacao_Humana!I3:I32=0)) -> 0 | H10: =SUMPRODUCT((Claude_ZeroShot!J3:J32=1)*(Avaliacao_Humana!J3:J32=0)) -> 0 | I10: =SUMPRODUCT((Claude_ZeroShot!K3:K32=1)*(Avaliacao_Humana!K3:K32=0)) -> 1 | J10: =SUMPRODUCT((Claude_ZeroShot!L3:L32=1)*(Avaliacao_Humana!L3:L32=0)) -> 0 | K10: =SUMPRODUCT((Claude_ZeroShot!M3:M32=1)*(Avaliacao_Humana!M3:M32=0)) -> 0 | L10: =SUMPRODUCT((Claude_ZeroShot!O3:O32=1)*(Avaliacao_Humana!O3:O32=0)) -> 3 | M10: =SUMPRODUCT((Claude_ZeroShot!P3:P32=1)*(Avaliacao_Humana!P3:P32=0)) -> 3 | N10: =SUMPRODUCT((Claude_ZeroShot!Q3:Q32=1)*(Avaliacao_Humana!Q3:Q32=0)) -> 2 | O10: =SUMPRODUCT((Claude_ZeroShot!R3:R32=1)*(Avaliacao_Humana!R3:R32=0)) -> 0 | P10: =SUMPRODUCT((Claude_ZeroShot!S3:S32=1)*(Avaliacao_Humana!S3:S32=0)) -> 1 | Q10: =SUMPRODUCT((Claude_ZeroShot!U3:U32=1)*(Avaliacao_Humana!U3:U32=0)) -> 4 | R10: =SUMPRODUCT((Claude_ZeroShot!V3:V32=1)*(Avaliacao_Humana!V3:V32=0)) -> 1 | S10: =SUMPRODUCT((Claude_ZeroShot!W3:W32=1)*(Avaliacao_Humana!W3:W32=0)) -> 11 | T10: =SUMPRODUCT((Claude_ZeroShot!X3:X32=1)*(Avaliacao_Humana!X3:X32=0)) -> 1 | U10: =SUMPRODUCT((Claude_ZeroShot!Y3:Y32=1)*(Avaliacao_Humana!Y3:Y32=0)) -> 0 | V10: =SUMPRODUCT((Claude_ZeroShot!AA3:AA32=1)*(Avaliacao_Humana!AA3:AA32=0)) -> 2 | W10: =SUMPRODUCT((Claude_ZeroShot!AB3:AB32=1)*(Avaliacao_Humana!AB3:AB32=0)) -> 1 | X10: =SUMPRODUCT((Claude_ZeroShot!AC3:AC32=1)*(Avaliacao_Humana!AC3:AC32=0)) -> 0 | Y10: =SUMPRODUCT((Claude_ZeroShot!AD3:AD32=1)*(Avaliacao_Humana!AD3:AD32=0)) -> 0 | Z10: =SUMPRODUCT((Claude_ZeroShot!AE3:AE32=1)*(Avaliacao_Humana!AE3:AE32=0)) -> 0 | AA10: =SUMPRODUCT((Claude_ZeroShot!AG3:AG32=1)*(Avaliacao_Humana!AG3:AG32=0)) -> 0 | AB10: =SUMPRODUCT((Claude_ZeroShot!AH3:AH32=1)*(Avaliacao_Humana!AH3:AH32=0)) -> 4 | AC10: =SUMPRODUCT((Claude_ZeroShot!AI3:AI32=1)*(Avaliacao_Humana!AI3:AI32=0)) -> 9 | AD10: =SUMPRODUCT((Claude_ZeroShot!AJ3:AJ32=1)*(Avaliacao_Humana!AJ3:AJ32=0)) -> 20 | AE10: =SUMPRODUCT((Claude_ZeroShot!AK3:AK32=1)*(Avaliacao_Humana!AK3:AK32=0)) -> 13 | AF10: =SUM(B10:AE10) -> 78
A11: Claude — Few-Shot | B11: =SUMPRODUCT((Claude_FewShot!C3:C32=1)*(Avaliacao_Humana!C3:C32=0)) -> 0 | C11: =SUMPRODUCT((Claude_FewShot!D3:D32=1)*(Avaliacao_Humana!D3:D32=0)) -> 0 | D11: =SUMPRODUCT((Claude_FewShot!E3:E32=1)*(Avaliacao_Humana!E3:E32=0)) -> 0 | E11: =SUMPRODUCT((Claude_FewShot!F3:F32=1)*(Avaliacao_Humana!F3:F32=0)) -> 1 | F11: =SUMPRODUCT((Claude_FewShot!G3:G32=1)*(Avaliacao_Humana!G3:G32=0)) -> 1 | G11: =SUMPRODUCT((Claude_FewShot!I3:I32=1)*(Avaliacao_Humana!I3:I32=0)) -> 0 | H11: =SUMPRODUCT((Claude_FewShot!J3:J32=1)*(Avaliacao_Humana!J3:J32=0)) -> 2 | I11: =SUMPRODUCT((Claude_FewShot!K3:K32=1)*(Avaliacao_Humana!K3:K32=0)) -> 0 | J11: =SUMPRODUCT((Claude_FewShot!L3:L32=1)*(Avaliacao_Humana!L3:L32=0)) -> 0 | K11: =SUMPRODUCT((Claude_FewShot!M3:M32=1)*(Avaliacao_Humana!M3:M32=0)) -> 0 | L11: =SUMPRODUCT((Claude_FewShot!O3:O32=1)*(Avaliacao_Humana!O3:O32=0)) -> 0 | M11: =SUMPRODUCT((Claude_FewShot!P3:P32=1)*(Avaliacao_Humana!P3:P32=0)) -> 1 | N11: =SUMPRODUCT((Claude_FewShot!Q3:Q32=1)*(Avaliacao_Humana!Q3:Q32=0)) -> 0 | O11: =SUMPRODUCT((Claude_FewShot!R3:R32=1)*(Avaliacao_Humana!R3:R32=0)) -> 0 | P11: =SUMPRODUCT((Claude_FewShot!S3:S32=1)*(Avaliacao_Humana!S3:S32=0)) -> 0 | Q11: =SUMPRODUCT((Claude_FewShot!U3:U32=1)*(Avaliacao_Humana!U3:U32=0)) -> 0 | R11: =SUMPRODUCT((Claude_FewShot!V3:V32=1)*(Avaliacao_Humana!V3:V32=0)) -> 0 | S11: =SUMPRODUCT((Claude_FewShot!W3:W32=1)*(Avaliacao_Humana!W3:W32=0)) -> 2 | T11: =SUMPRODUCT((Claude_FewShot!X3:X32=1)*(Avaliacao_Humana!X3:X32=0)) -> 1 | U11: =SUMPRODUCT((Claude_FewShot!Y3:Y32=1)*(Avaliacao_Humana!Y3:Y32=0)) -> 0 | V11: =SUMPRODUCT((Claude_FewShot!AA3:AA32=1)*(Avaliacao_Humana!AA3:AA32=0)) -> 0 | W11: =SUMPRODUCT((Claude_FewShot!AB3:AB32=1)*(Avaliacao_Humana!AB3:AB32=0)) -> 1 | X11: =SUMPRODUCT((Claude_FewShot!AC3:AC32=1)*(Avaliacao_Humana!AC3:AC32=0)) -> 0 | Y11: =SUMPRODUCT((Claude_FewShot!AD3:AD32=1)*(Avaliacao_Humana!AD3:AD32=0)) -> 0 | Z11: =SUMPRODUCT((Claude_FewShot!AE3:AE32=1)*(Avaliacao_Humana!AE3:AE32=0)) -> 0 | AA11: =SUMPRODUCT((Claude_FewShot!AG3:AG32=1)*(Avaliacao_Humana!AG3:AG32=0)) -> 0 | AB11: =SUMPRODUCT((Claude_FewShot!AH3:AH32=1)*(Avaliacao_Humana!AH3:AH32=0)) -> 0 | AC11: =SUMPRODUCT((Claude_FewShot!AI3:AI32=1)*(Avaliacao_Humana!AI3:AI32=0)) -> 2 | AD11: =SUMPRODUCT((Claude_FewShot!AJ3:AJ32=1)*(Avaliacao_Humana!AJ3:AJ32=0)) -> 1 | AE11: =SUMPRODUCT((Claude_FewShot!AK3:AK32=1)*(Avaliacao_Humana!AK3:AK32=0)) -> 0 | AF11: =SUM(B11:AE11) -> 12
A12: Claude — CoT | B12: =SUMPRODUCT((Claude_CoT!C3:C32=1)*(Avaliacao_Humana!C3:C32=0)) -> 0 | C12: =SUMPRODUCT((Claude_CoT!D3:D32=1)*(Avaliacao_Humana!D3:D32=0)) -> 0 | D12: =SUMPRODUCT((Claude_CoT!E3:E32=1)*(Avaliacao_Humana!E3:E32=0)) -> 0 | E12: =SUMPRODUCT((Claude_CoT!F3:F32=1)*(Avaliacao_Humana!F3:F32=0)) -> 1 | F12: =SUMPRODUCT((Claude_CoT!G3:G32=1)*(Avaliacao_Humana!G3:G32=0)) -> 1 | G12: =SUMPRODUCT((Claude_CoT!I3:I32=1)*(Avaliacao_Humana!I3:I32=0)) -> 0 | H12: =SUMPRODUCT((Claude_CoT!J3:J32=1)*(Avaliacao_Humana!J3:J32=0)) -> 0 | I12: =SUMPRODUCT((Claude_CoT!K3:K32=1)*(Avaliacao_Humana!K3:K32=0)) -> 1 | J12: =SUMPRODUCT((Claude_CoT!L3:L32=1)*(Avaliacao_Humana!L3:L32=0)) -> 0 | K12: =SUMPRODUCT((Claude_CoT!M3:M32=1)*(Avaliacao_Humana!M3:M32=0)) -> 0 | L12: =SUMPRODUCT((Claude_CoT!O3:O32=1)*(Avaliacao_Humana!O3:O32=0)) -> 1 | M12: =SUMPRODUCT((Claude_CoT!P3:P32=1)*(Avaliacao_Humana!P3:P32=0)) -> 2 | N12: =SUMPRODUCT((Claude_CoT!Q3:Q32=1)*(Avaliacao_Humana!Q3:Q32=0)) -> 1 | O12: =SUMPRODUCT((Claude_CoT!R3:R32=1)*(Avaliacao_Humana!R3:R32=0)) -> 0 | P12: =SUMPRODUCT((Claude_CoT!S3:S32=1)*(Avaliacao_Humana!S3:S32=0)) -> 0 | Q12: =SUMPRODUCT((Claude_CoT!U3:U32=1)*(Avaliacao_Humana!U3:U32=0)) -> 2 | R12: =SUMPRODUCT((Claude_CoT!V3:V32=1)*(Avaliacao_Humana!V3:V32=0)) -> 0 | S12: =SUMPRODUCT((Claude_CoT!W3:W32=1)*(Avaliacao_Humana!W3:W32=0)) -> 4 | T12: =SUMPRODUCT((Claude_CoT!X3:X32=1)*(Avaliacao_Humana!X3:X32=0)) -> 1 | U12: =SUMPRODUCT((Claude_CoT!Y3:Y32=1)*(Avaliacao_Humana!Y3:Y32=0)) -> 0 | V12: =SUMPRODUCT((Claude_CoT!AA3:AA32=1)*(Avaliacao_Humana!AA3:AA32=0)) -> 0 | W12: =SUMPRODUCT((Claude_CoT!AB3:AB32=1)*(Avaliacao_Humana!AB3:AB32=0)) -> 1 | X12: =SUMPRODUCT((Claude_CoT!AC3:AC32=1)*(Avaliacao_Humana!AC3:AC32=0)) -> 0 | Y12: =SUMPRODUCT((Claude_CoT!AD3:AD32=1)*(Avaliacao_Humana!AD3:AD32=0)) -> 0 | Z12: =SUMPRODUCT((Claude_CoT!AE3:AE32=1)*(Avaliacao_Humana!AE3:AE32=0)) -> 0 | AA12: =SUMPRODUCT((Claude_CoT!AG3:AG32=1)*(Avaliacao_Humana!AG3:AG32=0)) -> 0 | AB12: =SUMPRODUCT((Claude_CoT!AH3:AH32=1)*(Avaliacao_Humana!AH3:AH32=0)) -> 1 | AC12: =SUMPRODUCT((Claude_CoT!AI3:AI32=1)*(Avaliacao_Humana!AI3:AI32=0)) -> 0 | AD12: =SUMPRODUCT((Claude_CoT!AJ3:AJ32=1)*(Avaliacao_Humana!AJ3:AJ32=0)) -> 2 | AE12: =SUMPRODUCT((Claude_CoT!AK3:AK32=1)*(Avaliacao_Humana!AK3:AK32=0)) -> 0 | AF12: =SUM(B12:AE12) -> 18
A16: TABELA 2: Smells Perdidos (LLM NAO detectou smell que o humano detectou) — Falsos Negativos
A17: LLM / Tecnica | B17: I-1 | C17: I-2 | D17: I-3 | E17: I-4 | F17: I-5 | G17: N-1 | H17: N-2 | I17: N-3 | J17: N-4 | K17: N-5 | L17: V-1 | M17: V-2 | N17: V-3 | O17: V-4 | P17: V-5 | Q17: E-1 | R17: E-2 | S17: E-3 | T17: E-4 | U17: E-5 | V17: S-1 | W17: S-2 | X17: S-3 | Y17: S-4 | Z17: S-5 | AA17: T-1 | AB17: T-2 | AC17: T-3 | AD17: T-4 | AE17: T-5 | AF17: TOTAL FN
A18: ChatGPT — Zero-Shot | B18: =SUMPRODUCT((ChatGPT_ZeroShot!C3:C32=0)*(Avaliacao_Humana!C3:C32=1)) -> 0 | C18: =SUMPRODUCT((ChatGPT_ZeroShot!D3:D32=0)*(Avaliacao_Humana!D3:D32=1)) -> 1 | D18: =SUMPRODUCT((ChatGPT_ZeroShot!E3:E32=0)*(Avaliacao_Humana!E3:E32=1)) -> 1 | E18: =SUMPRODUCT((ChatGPT_ZeroShot!F3:F32=0)*(Avaliacao_Humana!F3:F32=1)) -> 1 | F18: =SUMPRODUCT((ChatGPT_ZeroShot!G3:G32=0)*(Avaliacao_Humana!G3:G32=1)) -> 0 | G18: =SUMPRODUCT((ChatGPT_ZeroShot!I3:I32=0)*(Avaliacao_Humana!I3:I32=1)) -> 1 | H18: =SUMPRODUCT((ChatGPT_ZeroShot!J3:J32=0)*(Avaliacao_Humana!J3:J32=1)) -> 0 | I18: =SUMPRODUCT((ChatGPT_ZeroShot!K3:K32=0)*(Avaliacao_Humana!K3:K32=1)) -> 0 | J18: =SUMPRODUCT((ChatGPT_ZeroShot!L3:L32=0)*(Avaliacao_Humana!L3:L32=1)) -> 2 | K18: =SUMPRODUCT((ChatGPT_ZeroShot!M3:M32=0)*(Avaliacao_Humana!M3:M32=1)) -> 3 | L18: =SUMPRODUCT((ChatGPT_ZeroShot!O3:O32=0)*(Avaliacao_Humana!O3:O32=1)) -> 1 | M18: =SUMPRODUCT((ChatGPT_ZeroShot!P3:P32=0)*(Avaliacao_Humana!P3:P32=1)) -> 0 | N18: =SUMPRODUCT((ChatGPT_ZeroShot!Q3:Q32=0)*(Avaliacao_Humana!Q3:Q32=1)) -> 4 | O18: =SUMPRODUCT((ChatGPT_ZeroShot!R3:R32=0)*(Avaliacao_Humana!R3:R32=1)) -> 1 | P18: =SUMPRODUCT((ChatGPT_ZeroShot!S3:S32=0)*(Avaliacao_Humana!S3:S32=1)) -> 1 | Q18: =SUMPRODUCT((ChatGPT_ZeroShot!U3:U32=0)*(Avaliacao_Humana!U3:U32=1)) -> 6 | R18: =SUMPRODUCT((ChatGPT_ZeroShot!V3:V32=0)*(Avaliacao_Humana!V3:V32=1)) -> 4 | S18: =SUMPRODUCT((ChatGPT_ZeroShot!W3:W32=0)*(Avaliacao_Humana!W3:W32=1)) -> 4 | T18: =SUMPRODUCT((ChatGPT_ZeroShot!X3:X32=0)*(Avaliacao_Humana!X3:X32=1)) -> 0 | U18: =SUMPRODUCT((ChatGPT_ZeroShot!Y3:Y32=0)*(Avaliacao_Humana!Y3:Y32=1)) -> 0 | V18: =SUMPRODUCT((ChatGPT_ZeroShot!AA3:AA32=0)*(Avaliacao_Humana!AA3:AA32=1)) -> 0 | W18: =SUMPRODUCT((ChatGPT_ZeroShot!AB3:AB32=0)*(Avaliacao_Humana!AB3:AB32=1)) -> 0 | X18: =SUMPRODUCT((ChatGPT_ZeroShot!AC3:AC32=0)*(Avaliacao_Humana!AC3:AC32=1)) -> 0 | Y18: =SUMPRODUCT((ChatGPT_ZeroShot!AD3:AD32=0)*(Avaliacao_Humana!AD3:AD32=1)) -> 1 | Z18: =SUMPRODUCT((ChatGPT_ZeroShot!AE3:AE32=0)*(Avaliacao_Humana!AE3:AE32=1)) -> 0 | AA18: =SUMPRODUCT((ChatGPT_ZeroShot!AG3:AG32=0)*(Avaliacao_Humana!AG3:AG32=1)) -> 0 | AB18: =SUMPRODUCT((ChatGPT_ZeroShot!AH3:AH32=0)*(Avaliacao_Humana!AH3:AH32=1)) -> 10 | AC18: =SUMPRODUCT((ChatGPT_ZeroShot!AI3:AI32=0)*(Avaliacao_Humana!AI3:AI32=1)) -> 0 | AD18: =SUMPRODUCT((ChatGPT_ZeroShot!AJ3:AJ32=0)*(Avaliacao_Humana!AJ3:AJ32=1)) -> 0 | AE18: =SUMPRODUCT((ChatGPT_ZeroShot!AK3:AK32=0)*(Avaliacao_Humana!AK3:AK32=1)) -> 0 | AF18: =SUM(B18:AE18) -> 41
A19: ChatGPT — Few-Shot | B19: =SUMPRODUCT((ChatGPT_FewShot!C3:C32=0)*(Avaliacao_Humana!C3:C32=1)) -> 0 | C19: =SUMPRODUCT((ChatGPT_FewShot!D3:D32=0)*(Avaliacao_Humana!D3:D32=1)) -> 1 | D19: =SUMPRODUCT((ChatGPT_FewShot!E3:E32=0)*(Avaliacao_Humana!E3:E32=1)) -> 3 | E19: =SUMPRODUCT((ChatGPT_FewShot!F3:F32=0)*(Avaliacao_Humana!F3:F32=1)) -> 1 | F19: =SUMPRODUCT((ChatGPT_FewShot!G3:G32=0)*(Avaliacao_Humana!G3:G32=1)) -> 0 | G19: =SUMPRODUCT((ChatGPT_FewShot!I3:I32=0)*(Avaliacao_Humana!I3:I32=1)) -> 3 | H19: =SUMPRODUCT((ChatGPT_FewShot!J3:J32=0)*(Avaliacao_Humana!J3:J32=1)) -> 0 | I19: =SUMPRODUCT((ChatGPT_FewShot!K3:K32=0)*(Avaliacao_Humana!K3:K32=1)) -> 3 | J19: =SUMPRODUCT((ChatGPT_FewShot!L3:L32=0)*(Avaliacao_Humana!L3:L32=1)) -> 1 | K19: =SUMPRODUCT((ChatGPT_FewShot!M3:M32=0)*(Avaliacao_Humana!M3:M32=1)) -> 2 | L19: =SUMPRODUCT((ChatGPT_FewShot!O3:O32=0)*(Avaliacao_Humana!O3:O32=1)) -> 3 | M19: =SUMPRODUCT((ChatGPT_FewShot!P3:P32=0)*(Avaliacao_Humana!P3:P32=1)) -> 2 | N19: =SUMPRODUCT((ChatGPT_FewShot!Q3:Q32=0)*(Avaliacao_Humana!Q3:Q32=1)) -> 2 | O19: =SUMPRODUCT((ChatGPT_FewShot!R3:R32=0)*(Avaliacao_Humana!R3:R32=1)) -> 2 | P19: =SUMPRODUCT((ChatGPT_FewShot!S3:S32=0)*(Avaliacao_Humana!S3:S32=1)) -> 1 | Q19: =SUMPRODUCT((ChatGPT_FewShot!U3:U32=0)*(Avaliacao_Humana!U3:U32=1)) -> 6 | R19: =SUMPRODUCT((ChatGPT_FewShot!V3:V32=0)*(Avaliacao_Humana!V3:V32=1)) -> 3 | S19: =SUMPRODUCT((ChatGPT_FewShot!W3:W32=0)*(Avaliacao_Humana!W3:W32=1)) -> 4 | T19: =SUMPRODUCT((ChatGPT_FewShot!X3:X32=0)*(Avaliacao_Humana!X3:X32=1)) -> 0 | U19: =SUMPRODUCT((ChatGPT_FewShot!Y3:Y32=0)*(Avaliacao_Humana!Y3:Y32=1)) -> 0 | V19: =SUMPRODUCT((ChatGPT_FewShot!AA3:AA32=0)*(Avaliacao_Humana!AA3:AA32=1)) -> 2 | W19: =SUMPRODUCT((ChatGPT_FewShot!AB3:AB32=0)*(Avaliacao_Humana!AB3:AB32=1)) -> 0 | X19: =SUMPRODUCT((ChatGPT_FewShot!AC3:AC32=0)*(Avaliacao_Humana!AC3:AC32=1)) -> 0 | Y19: =SUMPRODUCT((ChatGPT_FewShot!AD3:AD32=0)*(Avaliacao_Humana!AD3:AD32=1)) -> 1 | Z19: =SUMPRODUCT((ChatGPT_FewShot!AE3:AE32=0)*(Avaliacao_Humana!AE3:AE32=1)) -> 0 | AA19: =SUMPRODUCT((ChatGPT_FewShot!AG3:AG32=0)*(Avaliacao_Humana!AG3:AG32=1)) -> 0 | AB19: =SUMPRODUCT((ChatGPT_FewShot!AH3:AH32=0)*(Avaliacao_Humana!AH3:AH32=1)) -> 9 | AC19: =SUMPRODUCT((ChatGPT_FewShot!AI3:AI32=0)*(Avaliacao_Humana!AI3:AI32=1)) -> 13 | AD19: =SUMPRODUCT((ChatGPT_FewShot!AJ3:AJ32=0)*(Avaliacao_Humana!AJ3:AJ32=1)) -> 5 | AE19: =SUMPRODUCT((ChatGPT_FewShot!AK3:AK32=0)*(Avaliacao_Humana!AK3:AK32=1)) -> 5 | AF19: =SUM(B19:AE19) -> 72
A20: ChatGPT — CoT | B20: =SUMPRODUCT((ChatGPT_CoT!C3:C32=0)*(Avaliacao_Humana!C3:C32=1)) -> 0 | C20: =SUMPRODUCT((ChatGPT_CoT!D3:D32=0)*(Avaliacao_Humana!D3:D32=1)) -> 0 | D20: =SUMPRODUCT((ChatGPT_CoT!E3:E32=0)*(Avaliacao_Humana!E3:E32=1)) -> 1 | E20: =SUMPRODUCT((ChatGPT_CoT!F3:F32=0)*(Avaliacao_Humana!F3:F32=1)) -> 1 | F20: =SUMPRODUCT((ChatGPT_CoT!G3:G32=0)*(Avaliacao_Humana!G3:G32=1)) -> 0 | G20: =SUMPRODUCT((ChatGPT_CoT!I3:I32=0)*(Avaliacao_Humana!I3:I32=1)) -> 2 | H20: =SUMPRODUCT((ChatGPT_CoT!J3:J32=0)*(Avaliacao_Humana!J3:J32=1)) -> 0 | I20: =SUMPRODUCT((ChatGPT_CoT!K3:K32=0)*(Avaliacao_Humana!K3:K32=1)) -> 3 | J20: =SUMPRODUCT((ChatGPT_CoT!L3:L32=0)*(Avaliacao_Humana!L3:L32=1)) -> 2 | K20: =SUMPRODUCT((ChatGPT_CoT!M3:M32=0)*(Avaliacao_Humana!M3:M32=1)) -> 3 | L20: =SUMPRODUCT((ChatGPT_CoT!O3:O32=0)*(Avaliacao_Humana!O3:O32=1)) -> 1 | M20: =SUMPRODUCT((ChatGPT_CoT!P3:P32=0)*(Avaliacao_Humana!P3:P32=1)) -> 1 | N20: =SUMPRODUCT((ChatGPT_CoT!Q3:Q32=0)*(Avaliacao_Humana!Q3:Q32=1)) -> 3 | O20: =SUMPRODUCT((ChatGPT_CoT!R3:R32=0)*(Avaliacao_Humana!R3:R32=1)) -> 1 | P20: =SUMPRODUCT((ChatGPT_CoT!S3:S32=0)*(Avaliacao_Humana!S3:S32=1)) -> 1 | Q20: =SUMPRODUCT((ChatGPT_CoT!U3:U32=0)*(Avaliacao_Humana!U3:U32=1)) -> 5 | R20: =SUMPRODUCT((ChatGPT_CoT!V3:V32=0)*(Avaliacao_Humana!V3:V32=1)) -> 3 | S20: =SUMPRODUCT((ChatGPT_CoT!W3:W32=0)*(Avaliacao_Humana!W3:W32=1)) -> 4 | T20: =SUMPRODUCT((ChatGPT_CoT!X3:X32=0)*(Avaliacao_Humana!X3:X32=1)) -> 0 | U20: =SUMPRODUCT((ChatGPT_CoT!Y3:Y32=0)*(Avaliacao_Humana!Y3:Y32=1)) -> 0 | V20: =SUMPRODUCT((ChatGPT_CoT!AA3:AA32=0)*(Avaliacao_Humana!AA3:AA32=1)) -> 1 | W20: =SUMPRODUCT((ChatGPT_CoT!AB3:AB32=0)*(Avaliacao_Humana!AB3:AB32=1)) -> 0 | X20: =SUMPRODUCT((ChatGPT_CoT!AC3:AC32=0)*(Avaliacao_Humana!AC3:AC32=1)) -> 0 | Y20: =SUMPRODUCT((ChatGPT_CoT!AD3:AD32=0)*(Avaliacao_Humana!AD3:AD32=1)) -> 0 | Z20: =SUMPRODUCT((ChatGPT_CoT!AE3:AE32=0)*(Avaliacao_Humana!AE3:AE32=1)) -> 0 | AA20: =SUMPRODUCT((ChatGPT_CoT!AG3:AG32=0)*(Avaliacao_Humana!AG3:AG32=1)) -> 0 | AB20: =SUMPRODUCT((ChatGPT_CoT!AH3:AH32=0)*(Avaliacao_Humana!AH3:AH32=1)) -> 10 | AC20: =SUMPRODUCT((ChatGPT_CoT!AI3:AI32=0)*(Avaliacao_Humana!AI3:AI32=1)) -> 0 | AD20: =SUMPRODUCT((ChatGPT_CoT!AJ3:AJ32=0)*(Avaliacao_Humana!AJ3:AJ32=1)) -> 0 | AE20: =SUMPRODUCT((ChatGPT_CoT!AK3:AK32=0)*(Avaliacao_Humana!AK3:AK32=1)) -> 0 | AF20: =SUM(B20:AE20) -> 42
A21: Gemini — Zero-Shot | B21: =SUMPRODUCT((Gemini_ZeroShot!C3:C32=0)*(Avaliacao_Humana!C3:C32=1)) -> 0 | C21: =SUMPRODUCT((Gemini_ZeroShot!D3:D32=0)*(Avaliacao_Humana!D3:D32=1)) -> 1 | D21: =SUMPRODUCT((Gemini_ZeroShot!E3:E32=0)*(Avaliacao_Humana!E3:E32=1)) -> 2 | E21: =SUMPRODUCT((Gemini_ZeroShot!F3:F32=0)*(Avaliacao_Humana!F3:F32=1)) -> 1 | F21: =SUMPRODUCT((Gemini_ZeroShot!G3:G32=0)*(Avaliacao_Humana!G3:G32=1)) -> 0 | G21: =SUMPRODUCT((Gemini_ZeroShot!I3:I32=0)*(Avaliacao_Humana!I3:I32=1)) -> 3 | H21: =SUMPRODUCT((Gemini_ZeroShot!J3:J32=0)*(Avaliacao_Humana!J3:J32=1)) -> 1 | I21: =SUMPRODUCT((Gemini_ZeroShot!K3:K32=0)*(Avaliacao_Humana!K3:K32=1)) -> 2 | J21: =SUMPRODUCT((Gemini_ZeroShot!L3:L32=0)*(Avaliacao_Humana!L3:L32=1)) -> 1 | K21: =SUMPRODUCT((Gemini_ZeroShot!M3:M32=0)*(Avaliacao_Humana!M3:M32=1)) -> 3 | L21: =SUMPRODUCT((Gemini_ZeroShot!O3:O32=0)*(Avaliacao_Humana!O3:O32=1)) -> 3 | M21: =SUMPRODUCT((Gemini_ZeroShot!P3:P32=0)*(Avaliacao_Humana!P3:P32=1)) -> 1 | N21: =SUMPRODUCT((Gemini_ZeroShot!Q3:Q32=0)*(Avaliacao_Humana!Q3:Q32=1)) -> 4 | O21: =SUMPRODUCT((Gemini_ZeroShot!R3:R32=0)*(Avaliacao_Humana!R3:R32=1)) -> 2 | P21: =SUMPRODUCT((Gemini_ZeroShot!S3:S32=0)*(Avaliacao_Humana!S3:S32=1)) -> 1 | Q21: =SUMPRODUCT((Gemini_ZeroShot!U3:U32=0)*(Avaliacao_Humana!U3:U32=1)) -> 6 | R21: =SUMPRODUCT((Gemini_ZeroShot!V3:V32=0)*(Avaliacao_Humana!V3:V32=1)) -> 4 | S21: =SUMPRODUCT((Gemini_ZeroShot!W3:W32=0)*(Avaliacao_Humana!W3:W32=1)) -> 4 | T21: =SUMPRODUCT((Gemini_ZeroShot!X3:X32=0)*(Avaliacao_Humana!X3:X32=1)) -> 0 | U21: =SUMPRODUCT((Gemini_ZeroShot!Y3:Y32=0)*(Avaliacao_Humana!Y3:Y32=1)) -> 0 | V21: =SUMPRODUCT((Gemini_ZeroShot!AA3:AA32=0)*(Avaliacao_Humana!AA3:AA32=1)) -> 3 | W21: =SUMPRODUCT((Gemini_ZeroShot!AB3:AB32=0)*(Avaliacao_Humana!AB3:AB32=1)) -> 1 | X21: =SUMPRODUCT((Gemini_ZeroShot!AC3:AC32=0)*(Avaliacao_Humana!AC3:AC32=1)) -> 0 | Y21: =SUMPRODUCT((Gemini_ZeroShot!AD3:AD32=0)*(Avaliacao_Humana!AD3:AD32=1)) -> 1 | Z21: =SUMPRODUCT((Gemini_ZeroShot!AE3:AE32=0)*(Avaliacao_Humana!AE3:AE32=1)) -> 0 | AA21: =SUMPRODUCT((Gemini_ZeroShot!AG3:AG32=0)*(Avaliacao_Humana!AG3:AG32=1)) -> 29 | AB21: =SUMPRODUCT((Gemini_ZeroShot!AH3:AH32=0)*(Avaliacao_Humana!AH3:AH32=1)) -> 11 | AC21: =SUMPRODUCT((Gemini_ZeroShot!AI3:AI32=0)*(Avaliacao_Humana!AI3:AI32=1)) -> 16 | AD21: =SUMPRODUCT((Gemini_ZeroShot!AJ3:AJ32=0)*(Avaliacao_Humana!AJ3:AJ32=1)) -> 5 | AE21: =SUMPRODUCT((Gemini_ZeroShot!AK3:AK32=0)*(Avaliacao_Humana!AK3:AK32=1)) -> 4 | AF21: =SUM(B21:AE21) -> 109
A22: Gemini — Few-Shot | B22: =SUMPRODUCT((Gemini_FewShot!C3:C32=0)*(Avaliacao_Humana!C3:C32=1)) -> 0 | C22: =SUMPRODUCT((Gemini_FewShot!D3:D32=0)*(Avaliacao_Humana!D3:D32=1)) -> 1 | D22: =SUMPRODUCT((Gemini_FewShot!E3:E32=0)*(Avaliacao_Humana!E3:E32=1)) -> 2 | E22: =SUMPRODUCT((Gemini_FewShot!F3:F32=0)*(Avaliacao_Humana!F3:F32=1)) -> 1 | F22: =SUMPRODUCT((Gemini_FewShot!G3:G32=0)*(Avaliacao_Humana!G3:G32=1)) -> 0 | G22: =SUMPRODUCT((Gemini_FewShot!I3:I32=0)*(Avaliacao_Humana!I3:I32=1)) -> 3 | H22: =SUMPRODUCT((Gemini_FewShot!J3:J32=0)*(Avaliacao_Humana!J3:J32=1)) -> 0 | I22: =SUMPRODUCT((Gemini_FewShot!K3:K32=0)*(Avaliacao_Humana!K3:K32=1)) -> 3 | J22: =SUMPRODUCT((Gemini_FewShot!L3:L32=0)*(Avaliacao_Humana!L3:L32=1)) -> 2 | K22: =SUMPRODUCT((Gemini_FewShot!M3:M32=0)*(Avaliacao_Humana!M3:M32=1)) -> 2 | L22: =SUMPRODUCT((Gemini_FewShot!O3:O32=0)*(Avaliacao_Humana!O3:O32=1)) -> 0 | M22: =SUMPRODUCT((Gemini_FewShot!P3:P32=0)*(Avaliacao_Humana!P3:P32=1)) -> 1 | N22: =SUMPRODUCT((Gemini_FewShot!Q3:Q32=0)*(Avaliacao_Humana!Q3:Q32=1)) -> 4 | O22: =SUMPRODUCT((Gemini_FewShot!R3:R32=0)*(Avaliacao_Humana!R3:R32=1)) -> 1 | P22: =SUMPRODUCT((Gemini_FewShot!S3:S32=0)*(Avaliacao_Humana!S3:S32=1)) -> 2 | Q22: =SUMPRODUCT((Gemini_FewShot!U3:U32=0)*(Avaliacao_Humana!U3:U32=1)) -> 3 | R22: =SUMPRODUCT((Gemini_FewShot!V3:V32=0)*(Avaliacao_Humana!V3:V32=1)) -> 2 | S22: =SUMPRODUCT((Gemini_FewShot!W3:W32=0)*(Avaliacao_Humana!W3:W32=1)) -> 4 | T22: =SUMPRODUCT((Gemini_FewShot!X3:X32=0)*(Avaliacao_Humana!X3:X32=1)) -> 0 | U22: =SUMPRODUCT((Gemini_FewShot!Y3:Y32=0)*(Avaliacao_Humana!Y3:Y32=1)) -> 1 | V22: =SUMPRODUCT((Gemini_FewShot!AA3:AA32=0)*(Avaliacao_Humana!AA3:AA32=1)) -> 2 | W22: =SUMPRODUCT((Gemini_FewShot!AB3:AB32=0)*(Avaliacao_Humana!AB3:AB32=1)) -> 1 | X22: =SUMPRODUCT((Gemini_FewShot!AC3:AC32=0)*(Avaliacao_Humana!AC3:AC32=1)) -> 0 | Y22: =SUMPRODUCT((Gemini_FewShot!AD3:AD32=0)*(Avaliacao_Humana!AD3:AD32=1)) -> 1 | Z22: =SUMPRODUCT((Gemini_FewShot!AE3:AE32=0)*(Avaliacao_Humana!AE3:AE32=1)) -> 0 | AA22: =SUMPRODUCT((Gemini_FewShot!AG3:AG32=0)*(Avaliacao_Humana!AG3:AG32=1)) -> 0 | AB22: =SUMPRODUCT((Gemini_FewShot!AH3:AH32=0)*(Avaliacao_Humana!AH3:AH32=1)) -> 4 | AC22: =SUMPRODUCT((Gemini_FewShot!AI3:AI32=0)*(Avaliacao_Humana!AI3:AI32=1)) -> 1 | AD22: =SUMPRODUCT((Gemini_FewShot!AJ3:AJ32=0)*(Avaliacao_Humana!AJ3:AJ32=1)) -> 0 | AE22: =SUMPRODUCT((Gemini_FewShot!AK3:AK32=0)*(Avaliacao_Humana!AK3:AK32=1)) -> 0 | AF22: =SUM(B22:AE22) -> 41
